-0.15015015015015015,0.0060166537333471255
0.0,0.006430885290570306
0.15015015015015015,0.005933645130564046
0.3003003003003003,0.005047816402639294
0.45045045045045046,0.004326223541813785
0.6006006006006006,0.003852844481883616
0.7507507507507507,0.003555948784279205
0.9009009009009009,0.003367949917462437
1.0510510510510511,0.003246188853087107
1.2012012012012012,0.003165647854234249
1.3513513513513513,0.0031116116291623054
1.5015015015015014,0.003075199464994965
1.6516516516516517,0.0030508797350988766
1.8018018018018018,0.0030350962322753363
1.951951951951952,0.0030254941449991643
2.1021021021021022,0.003020471686514103
2.2522522522522523,0.0030189125976867698
2.4024024024024024,0.003020021908467394
2.5525525525525525,0.00302322233978703
2.7027027027027026,0.003028087305822636
2.8528528528528527,0.0030342965833941317
3.003003003003003,0.003041606359405655
3.1531531531531534,0.0030498286021616804
3.3033033033033035,0.0030588166032765526
3.4534534534534536,0.003068454680491054
3.6036036036036037,0.0030786507350411964
3.7537537537537538,0.0030893307987590315
3.903903903903904,0.00310043498862331
4.054054054054054,0.0031119144705129193
4.2042042042042045,0.0031237291557923816
4.354354354354355,0.0031358459363198896
4.504504504504505,0.0031482373193898023
4.654654654654655,0.003160880362784831
4.804804804804805,0.0031737558371894483
4.954954954954955,0.003186847562395149
5.105105105105105,0.003200141877469403
5.255255255255255,0.0032136272150050946
5.405405405405405,0.0032272937568360617
5.555555555555555,0.0032411331539659916
5.7057057057057055,0.0032551382974487625
5.8558558558558556,0.0032693031299503568
6.006006006006006,0.003283622489986659
6.156156156156157,0.003298091982554283
6.306306306306307,0.0033127078711953175
6.456456456456457,0.0033274669875561075
6.606606606606607,0.0033423666552946027
6.756756756756757,0.0033574046258108897
6.906906906906907,0.0033725790237626205
7.057057057057057,0.0033878883007136683
7.207207207207207,0.0034033311955687802
7.357357357357357,0.003418906700694149
7.5075075075075075,0.0034346140328183295
7.657657657657658,0.0034504526079669855
7.807807807807808,0.003466422019813388
7.957957957957958,0.003482522020930445
8.108108108108109,0.003498752506515621
8.258258258258259,0.003515113500229496
8.408408408408409,0.003531605141846468
8.558558558558559,0.003548227676463877
8.70870870870871,0.003564981445053831
8.85885885885886,0.003581866876176771
9.00900900900901,0.0035988844787012415
9.15915915915916,0.003616034835397865
9.30930930930931,0.0036333185972951716
9.45945945945946,0.0036507364787003137
9.60960960960961,0.003668289252801423
9.75975975975976,0.003685977747780459
9.90990990990991,0.0037038028433746552
10.06006006006006,0.003721765467833095
10.21021021021021,0.003739866595221895
10.36036036036036,0.0037581072430384415
10.51051051051051,0.0037764884700989313
10.66066066066066,0.0037950113746690393
10.81081081081081,0.003813677092811026
10.96096096096096,0.003832486796923626
11.11111111111111,0.0038514416944545595
11.26126126126126,0.0038705430267678064
11.411411411411411,0.0038897920681489487
11.561561561561561,0.003909190124935773
11.711711711711711,0.003928738534760957
11.861861861861861,0.003948438665896325
12.012012012012011,0.003968291916688831
12.162162162162163,0.0039882997150802535
12.312312312312313,0.004008463518202262
12.462462462462463,0.004028784812040579
12.612612612612613,0.004049265111162464
12.762762762762764,0.004069905958501342
12.912912912912914,0.004090708925195377
13.063063063063064,0.0041116756104735835
13.213213213213214,0.004132807641588033
13.363363363363364,0.004154106673787036
13.513513513513514,0.004175574390327196
13.663663663663664,0.004197212502521283
13.813813813813814,0.004219022749819798
13.963963963963964,0.0042410068999238736
14.114114114114114,0.004263166748927463
14.264264264264265,0.004285504121487747
14.414414414414415,0.004308020871021381
14.564564564564565,0.004330718879925824
14.714714714714715,0.004353600059824305
14.864864864864865,0.004376666351833513
15.015015015015015,0.004399919726852859
15.165165165165165,0.004423362185874288
15.315315315315315,0.004446995760312727
15.465465465465465,0.004470822512355489
15.615615615615615,0.004494844535330669
15.765765765765765,0.004519063954093696
15.915915915915916,0.004543482925432328
16.066066066066067,0.0045681036384884275
16.216216216216218,0.004592928315197604
16.366366366366368,0.004617959210745597
16.516516516516518,0.004643198614041324
16.666666666666668,0.0046686488482067376
16.816816816816818,0.004694312271083074
16.966966966966968,0.004720191275753546
17.117117117117118,0.004746288291082467
17.26726726726727,0.004772605782270477
17.41741741741742,0.004799146251426702
17.56756756756757,0.004825912238156562
17.71771771771772,0.0048529063201669335
17.86786786786787,0.004880131113887313
18.01801801801802,0.00490758927510814
18.16816816816817,0.004935283499635738
18.31831831831832,0.004963216523964638
18.46846846846847,0.004991391125967143
18.61861861861862,0.005019810125600121
18.76876876876877,0.005048476385630365
18.91891891891892,0.005077392812376968
19.06906906906907,0.005106562356473035
19.21921921921922,0.0051359880136454235
19.36936936936937,0.005165672825513931
19.51951951951952,0.005195619880409316
19.66966966966967,0.005225832314211659
19.81981981981982,0.005256313311208289
19.96996996996997,0.005287066104972725
20.12012012012012,0.005318093979264047
20.27027027027027,0.005349400268948451
20.42042042042042,0.005380988360941453
20.57057057057057,0.005412861695173962
20.72072072072072,0.005445023765579966
20.87087087087087,0.005477478121108328
21.02102102102102,0.005510228366758378
21.17117117117117,0.005543278164639692
21.32132132132132,0.005576631235057645
21.47147147147147,0.0056102913576239945
21.62162162162162,0.005644262372394352
21.77177177177177,0.005678548181032412
21.92192192192192,0.005713152748001832
22.07207207207207,0.005748080101786976
22.22222222222222,0.005783334336142005
22.37237237237237,0.005818919611370664
22.52252252252252,0.005854840155636277
22.67267267267267,0.005891100266303269
22.822822822822822,0.005927704311311256
22.972972972972972,0.005964656730581979
23.123123123123122,0.0060019620374606505
23.273273273273272,0.006039624820192014
23.423423423423422,0.006077649743432477
23.573573573573572,0.006116041549799237
23.723723723723722,0.0061548050614573255
23.873873873873872,0.006193945181745553
24.024024024024023,0.006233466896842755
24.174174174174176,0.006273375277474972
24.324324324324326,0.006313675480665527
24.474474474474476,0.006354372751528058
24.624624624624627,0.006395472425104623
24.774774774774777,0.006436979928250443
24.924924924924927,0.006478900781565158
25.075075075075077,0.006521240601373646
25.225225225225227,0.006564005101756605
25.375375375375377,0.006607200096633263
25.525525525525527,0.006650831501897089
25.675675675675677,0.00669490533760599
25.825825825825827,0.006739427730229777
25.975975975975977,0.006784404914954734
26.126126126126128,0.006829843238048814
26.276276276276278,0.006875749159288063
26.426426426426428,0.006922129254446628
26.576576576576578,0.006968990217852462
26.726726726726728,0.00701633886501021
26.876876876876878,0.007064182135293163
27.027027027027028,0.007112527094708121
27.177177177177178,0.007161380938732887
27.32732732732733,0.0072107509952302855
27.47747747747748,0.007260644727441248
27.62762762762763,0.00731106973705802
27.77777777777778,0.007362033767381722
27.92792792792793,0.007413544706565594
28.07807807807808,0.007465610590947477
28.22822822822823,0.007518239608474108
28.37837837837838,0.007571440102219823
28.52852852852853,0.007625220574003639
28.67867867867868,0.007679589688106733
28.82882882882883,0.007734556275094661
28.97897897897898,0.007790129335747374
29.12912912912913,0.007846318045099615
29.27927927927928,0.007903131756597272
29.42942942942943,0.007960580006372193
29.57957957957958,0.008018672517639193
29.72972972972973,0.008077419205220829
29.87987987987988,0.008136830180202392
30.03003003003003,0.008196915754722821
30.18018018018018,0.008257686446906595
30.33033033033033,0.00831915298593892
30.48048048048048,0.00838132631729274
30.63063063063063,0.008444217608109442
30.78078078078078,0.008507838252741338
30.93093093093093,0.008572199878459395
31.08108108108108,0.008637314351333846
31.23123123123123,0.0087031937822921
31.38138138138138,0.008769850533361684
31.53153153153153,0.008837297224104219
31.68168168168168,0.008905546738246749
31.83183183183183,0.00897461223051883
31.98198198198198,0.009044507133701528
32.132132132132135,0.009115245165896863
32.28228228228228,0.009186840338025625
32.432432432432435,0.009259306961561723
32.58258258258258,0.009332659656512131
32.732732732732735,0.009406913359651561
32.88288288288288,0.00948208333302113
33.033033033033036,0.009558185172701099
33.18318318318318,0.00963523481786888
33.333333333333336,0.00971324856015111
33.48348348348348,0.009792243053283908
33.633633633633636,0.00987223532309039
33.78378378378378,0.009953242777790094
33.933933933933936,0.010035283218651195
34.08408408408408,0.01011837485100125
34.234234234234236,0.010202536295608
34.38438438438438,0.010287786600447157
34.53453453453454,0.010374145252871449
34.68468468468468,0.010461632192197569
34.83483483483484,0.010550267822727121
34.98498498498498,0.010640073027220356
35.13513513513514,0.010731069180840389
35.28528528528528,0.010823278165587409
35.43543543543544,0.01091672238524381
35.585585585585584,0.011011424780849976
35.73573573573574,0.01110740884673505
35.885885885885884,0.01120469864712442
36.03603603603604,0.011303318833349445
36.186186186186184,0.011403294661684485
36.33633633633634,0.011504652011838383
36.486486486486484,0.011607417406129453
36.63663663663664,0.011711618029372851
36.786786786786784,0.011817281749511256
36.93693693693694,0.011924437139023861
37.087087087087085,0.012033113497145502
37.23723723723724,0.012143340872933126
37.387387387387385,0.012255150089220578
37.53753753753754,0.0123685727674964
37.687687687687685,0.012483641353751624
37.83783783783784,0.012600389145341137
37.987987987987985,0.012718850318903624
38.13813813813814,0.012839059959391816
38.288288288288285,0.012961054090263846
38.43843843843844,0.013084869704891498
38.58858858858859,0.013210544799242656
38.73873873873874,0.013338118405900065
38.88888888888889,0.01346763062947957
39.03903903903904,0.013599122683518478
39.18918918918919,0.013732636928903145
39.33933933933934,0.013868216913914863
39.48948948948949,0.014005907415973101
39.63963963963964,0.014145754485161758
39.78978978978979,0.014287805489628562
39.93993993993994,0.014432109162954317
40.090090090090094,0.014578715653591203
40.24024024024024,0.014727676576479632
40.390390390390394,0.01487904506695675
40.54054054054054,0.015032875837075979
40.690690690690694,0.015189225234468199
40.84084084084084,0.01534815130387954
40.990990990990994,0.015509713851528717
41.14114114114114,0.015673974512440708
41.291291291291294,0.015840996820918506
41.44144144144144,0.016010846284325902
41.591591591591595,0.016183590460368685
41.74174174174174,0.016359299038069583
41.891891891891895,0.016538043922648044
42.04204204204204,0.016719899324528536
42.192192192192195,0.01690494185271617
42.34234234234234,0.017093250612796176
42.492492492492495,0.01728490730982802
42.64264264264264,0.01747999635642672
42.792792792792795,0.0176786049863427
42.94294294294294,0.017880823373873894
43.093093093093096,0.018086744759466186
43.24324324324324,0.01829646558188653
43.393393393393396,0.01851008561737748
43.54354354354354,0.018727708126233818
43.693693693693696,0.018949440007274165
43.84384384384384,0.019175391960714796
43.993993993993996,0.019405678659993243
44.14414414414414,0.01964041893312617
44.294294294294296,0.019879735954236415
44.44444444444444,0.020123757445932294
44.5945945945946,0.020372615893268744
44.74474474474474,0.020626448770091323
44.8948948948949,0.020885398778613153
45.04504504504504,0.02114961410315768
45.1951951951952,0.021419248679063637
45.34534534534534,0.021694462477844345
45.4954954954955,0.02197542180977294
45.645645645645644,0.022262299645174115
45.7957957957958,0.02255527595580635
45.945945945945944,0.02285453807784503
46.0960960960961,0.02316028109810038
46.246246246246244,0.023472708265265426
46.3963963963964,0.023792031428129388
46.546546546546544,0.02411847150289295
46.6966966966967,0.0244522589718998
46.846846846846844,0.024793634416323533
46.996996996997,0.025142849085595626
47.147147147147145,0.025500165506619557
47.2972972972973,0.025865858136113255
47.447447447447445,0.026240214059764948
47.5975975975976,0.026623533742238213
47.747747747747745,0.027016131832491647
47.8978978978979,0.027418338029323103
48.048048048048045,0.02783049801257606
48.1981981981982,0.028252974446013986
48.34834834834835,0.028686148058520194
48.4984984984985,0.029130418811012443
48.64864864864865,0.029586207157277767
48.7987987987988,0.030053955407866234
48.94894894894895,0.030534129207226268
49.0990990990991,0.03102721913545984
49.24924924924925,0.03153374244741688
49.3993993993994,0.03205424496339257
49.54954954954955,0.03258930312743588
49.6996996996997,0.03313952625128189
49.84984984984985,0.03370555896420575
50.0,0.034288083891734024
50.150150150150154,0.03488782458916616
50.3003003003003,0.03550554875934901
50.450450450450454,0.036142071788190816
50.6006006006006,0.03679826063606326
50.750750750750754,0.037475038128702995
50.9009009009009,0.03817338769754471
51.051051051051054,0.038894358626858035
51.2012012012012,0.03963907187375556
51.351351351351354,0.040408726537397584
51.5015015015015,0.04120460706582732
51.651651651651655,0.042028091303213506
51.8018018018018,0.042880659497375115
51.951951951951955,0.04376390440784929
52.1021021021021,0.04467954267924194
52.252252252252255,0.04562942767406377
52.4024024024024,0.04661556399492947
52.552552552552555,0.04764012396933214
52.7027027027027,0.04870546642315817
52.852852852852855,0.049814158134154796
53.003003003003,0.050968998436820595
53.153153153153156,0.05217304754992615
53.3033033033033,0.05342965932243468
53.453453453453456,0.054742519250289404
53.6036036036036,0.05611568881487607
53.753753753753756,0.057553657447036145
53.9039039039039,0.05906140374568881
54.054054054054056,0.0606444680015719
54.2042042042042,0.06230903862760248
54.354354354354356,0.06406205582440902
54.5045045045045,0.06591133677869267
54.65465465465466,0.06786572799767114
54.8048048048048,0.0699352921621611
54.95495495495496,0.07213153933583362
55.1051051051051,0.07446771580077316
55.25525525525526,0.07695916865803316
55.4054054054054,0.07962381134440252
55.55555555555556,0.082482725486034
55.705705705705704,0.08556094981915378
55.85585585585586,0.08888853017175388
56.006006006006004,0.09250194057709893
56.15615615615616,0.09644604274836856
56.306306306306304,0.10077684372140905
56.45645645645646,0.1055654647088048
56.606606606606604,0.1109039927962514
56.75675675675676,0.1169143289131409
56.906906906906904,0.1237618961616705
57.05705705705706,0.13167728007985008
57.207207207207205,0.14099040988125908
57.35735735735736,0.152181631518774
57.507507507507505,0.16593948764559738
57.65765765765766,0.18313119674635944
57.80780780780781,0.20430416027998344
57.95795795795796,0.22823035337028014
58.10810810810811,0.25157347504505595
58.25825825825826,0.27256319015176517
58.40840840840841,0.2926006577410783
58.55855855855856,0.3141998583473436
58.70870870870871,0.3397465406100672
58.85885885885886,0.37047492082749284
59.00900900900901,0.40384374671372236
59.15915915915916,0.43328047975196277
59.30930930930931,0.4553170263787443
59.45945945945946,0.4719047408881936
59.60960960960961,0.4862793427310815
59.75975975975976,0.5009235766573031
59.90990990990991,0.5168578199023941
60.06006006006006,0.5325038207936919
60.210210210210214,0.5448405282275554
60.36036036036036,0.5530316337047448
60.510510510510514,0.5582541220140185
60.66066066066066,0.561806277761164
60.810810810810814,0.5645467578795748
60.96096096096096,0.5669056408702577
61.111111111111114,0.5689209251372751
61.26126126126126,0.5705162913753234
61.411411411411414,0.5718041102147
61.56156156156156,0.5730108471846063
61.711711711711715,0.5743563856404879
61.86186186186186,0.5759898248746245
62.012012012012015,0.577845850731355
62.16216216216216,0.5795976809488219
62.312312312312315,0.5810398417373003
62.46246246246246,0.5822818126647725
62.612612612612615,0.583546937218835
62.76276276276276,0.5850415567134417
62.912912912912915,0.5868670977933768
63.06306306306306,0.5888602555415114
63.213213213213216,0.5906852033697705
63.36336336336336,0.5922536336725884
63.513513513513516,0.5937463037087897
63.66366366366366,0.5954072460912313
63.813813813813816,0.5974431402485726
63.96396396396396,0.5998784025028242
64.11411411411412,0.6023829263442073
64.26426426426427,0.6045843952539769
64.41441441441441,0.6065021678296166
64.56456456456456,0.6083989395596041
64.71471471471472,0.6105639795656412
64.86486486486487,0.6132010232917955
65.01501501501501,0.616206001150839
65.16516516516516,0.6190867909671659
65.31531531531532,0.6215227913428747
65.46546546546547,0.6236562904018147
65.61561561561561,0.6258049969019156
65.76576576576576,0.6282703118792063
65.91591591591592,0.6312047201927639
66.06606606606607,0.6343706835642547
66.21621621621621,0.6372709975088374
66.36636636636636,0.6397634174056719
66.51651651651652,0.6420968326340027
66.66666666666667,0.6446154364281902
66.81681681681681,0.6476145368548741
66.96696696696696,0.6511393673760792
67.11711711711712,0.6547456219742118
67.26726726726727,0.6579241833760625
67.41741741741743,0.6606922594158636
67.56756756756756,0.6633976947768346
67.71771771771772,0.6664294257493208
67.86786786786787,0.6700691668704625
68.01801801801803,0.6741998738647612
68.16816816816817,0.6781998177595259
68.31831831831832,0.681668191138619
68.46846846846847,0.6848065143541411
68.61861861861863,0.6880594084519053
68.76876876876877,0.6918674190409337
68.91891891891892,0.6964551066629291
69.06906906906907,0.701429523636288
69.21921921921923,0.7059838264782353
69.36936936936937,0.7098820828325496
69.51951951951952,0.713521308023046
69.66966966966967,0.7174668878581058
69.81981981981983,0.72221592612255
69.96996996996997,0.7278312072313734
70.12012012012012,0.7335010285447142
70.27027027027027,0.7382874041581394
70.42042042042043,0.7421712099298232
70.57057057057057,0.7457133170694291
70.72072072072072,0.7495454969166498
70.87087087087087,0.7540860380487286
71.02102102102103,0.7589529718642051
71.17117117117117,0.7627010307242964
71.32132132132132,0.7641164477871822
71.47147147147147,0.7628474770830749
71.62162162162163,0.7586190386221445
71.77177177177177,0.7508292339333875
71.92192192192192,0.7392580614707731
72.07207207207207,0.7259876451481507
72.22222222222223,0.71504965359764
72.37237237237237,0.7084923683770624
72.52252252252252,0.7059559636704116
72.67267267267268,0.706657173553202
72.82282282282283,0.710172116071067
72.97297297297297,0.7163119917098202
73.12312312312312,0.7248474550830716
73.27327327327328,0.7358773742563867
73.42342342342343,0.750437401545285
73.57357357357357,0.7705080927461191
73.72372372372372,0.7987037622778244
73.87387387387388,0.8366335222877616
74.02402402402403,0.8803173124636244
74.17417417417417,0.9193836861197265
74.32432432432432,0.9474908613121968
74.47447447447448,0.96598170229684
74.62462462462463,0.9782486623919119
74.77477477477477,0.9868528879573982
74.92492492492492,0.993248170866754
75.07507507507508,0.9977819114636562
75.22522522522523,1.0
75.37537537537537,0.999406239475204
75.52552552552552,0.9954585467851107
75.67567567567568,0.9870897776173683
75.82582582582583,0.9727227103884779
75.97597597597597,0.9519526726022612
76.12612612612612,0.9285537067773
76.27627627627628,0.9080803863743643
76.42642642642643,0.8922570094934145
76.57657657657657,0.8797141672736155
76.72672672672672,0.8684579771699398
76.87687687687688,0.8568294448604835
77.02702702702703,0.844402554214759
77.17717717717719,0.8325857804897463
77.32732732732732,0.8227430063786835
77.47747747747748,0.8147265063194928
77.62762762762763,0.807617539333756
77.77777777777779,0.8003939818178959
77.92792792792793,0.7923184254729557
78.07807807807808,0.783685137748317
78.22822822822823,0.7757695777831041
78.37837837837839,0.7692346652373692
78.52852852852853,0.7637435458392148
78.67867867867868,0.7586075651700758
78.82882882882883,0.7531339476894287
78.97897897897899,0.746979557668606
79.12912912912913,0.7406779465442556
79.27927927927928,0.7351246166708102
79.42942942942943,0.7305079978859884
79.57957957957959,0.7264325184574466
79.72972972972973,0.7223439443970442
79.87987987987988,0.717740904010266
80.03003003003003,0.7125700883875798
80.18018018018019,0.7075181676497585
80.33033033033033,0.7032160357027017
80.48048048048048,0.6996226708292337
80.63063063063063,0.6963445566596144
80.78078078078079,0.6929198474579418
80.93093093093093,0.6890067571641325
81.08108108108108,0.6847666207164238
81.23123123123123,0.6808415138833852
81.38138138138139,0.6775607916945502
81.53153153153153,0.6747493319312996
81.68168168168168,0.6720406666923723
81.83183183183183,0.6690494726923835
81.98198198198199,0.6655872207953782
82.13213213213213,0.6619937709330134
82.28228228228228,0.6588262793374084
82.43243243243244,0.6562103534973119
82.58258258258259,0.6539134346088052
82.73273273273273,0.6515985770880939
82.88288288288288,0.6489531638277087
83.03303303303304,0.6459390741335466
83.18318318318319,0.6429793678813589
83.33333333333333,0.6404622422145546
83.48348348348348,0.6383551903523577
83.63363363363364,0.6363945420693037
83.78378378378379,0.6342561591860113
83.93393393393393,0.6316921396402376
84.08408408408408,0.6288353575416604
84.23423423423424,0.6261921813982845
84.38438438438439,0.62403217482372
84.53453453453453,0.6222366660446222
84.68468468468468,0.6205352603708777
84.83483483483484,0.6186357674367114
84.98498498498499,0.6163838399741074
85.13513513513513,0.6140135136193406
85.28528528528528,0.6119260329192174
85.43543543543544,0.6102112083932433
85.58558558558559,0.608691000885759
85.73573573573573,0.6070965139296723
85.88588588588588,0.6051503372953551
86.03603603603604,0.6027261109184616
86.18618618618619,0.599963932687768
86.33633633633633,0.5968976305207245
86.48648648648648,0.5931031228812015
86.63663663663664,0.5876818712004052
86.78678678678679,0.5792653078836175
86.93693693693695,0.5665689004289258
87.08708708708708,0.5503520237934119
87.23723723723724,0.5337306128590265
87.38738738738739,0.5184333385516213
87.53753753753755,0.5034635985531075
87.68768768768768,0.4862435307606458
87.83783783783784,0.4633298926144154
87.98798798798799,0.4324830235189598
88.13813813813815,0.39708416092180143
88.28828828828829,0.3639183772243149
88.43843843843844,0.33562953800150414
88.58858858858859,0.3107019513468334
88.73873873873875,0.2862740088264242
88.88888888888889,0.26010808928272516
89.03903903903904,0.2330680934301442
89.1891891891892,0.20858146399839786
89.33933933933935,0.18844311418200826
89.48948948948949,0.17227629767393046
89.63963963963964,0.15913781756819695
89.7897897897898,0.14822872197207934
89.93993993993995,0.13898062430283123
90.09009009009009,0.1310005591628285
90.24024024024024,0.1240133352252092
90.3903903903904,0.11782148142967332
90.54054054054055,0.11227955422281696
90.69069069069069,0.1072777758374459
90.84084084084084,0.10273144999411377
90.990990990991,0.09857395539228817
91.14114114114115,0.09475199217812247
91.29129129129129,0.09122227915920819
91.44144144144144,0.08794920746654822
91.5915915915916,0.08490313944206719
91.74174174174175,0.08205915232577501
91.89189189189189,0.0793960947868531
92.04204204204204,0.07689586758223724
92.1921921921922,0.07454286751725388
92.34234234234235,0.07232355224104581
92.49249249249249,0.07022609572529796
92.64264264264264,0.06824011268502382
92.7927927927928,0.06635643603919818
92.94294294294295,0.0645669356256009
93.09309309309309,0.06286436932817945
93.24324324324324,0.061242259908626355
93.3933933933934,0.05969479239900362
93.54354354354355,0.05821672807375753
93.69369369369369,0.0568033318906358
93.84384384384384,0.05545031095004267
93.993993993994,0.05415376202701624
94.14414414414415,0.05291012661933059
94.29429429429429,0.05171615225796343
94.44444444444444,0.05056885906346556
94.5945945945946,0.049465510719055014
94.74474474474475,0.04840358918015617
94.89489489489489,0.04738077255918502
95.04504504504504,0.04639491572022991
95.1951951951952,0.045444033195880564
95.34534534534535,0.044526284101592324
95.49549549549549,0.04363995877465765
95.64564564564564,0.042783466907325325
95.7957957957958,0.04195532697871015
95.94594594594595,0.04115415681924775
96.09609609609609,0.04037866516572022
96.24624624624624,0.039627644085169854
96.3963963963964,0.038899962163088914
96.54654654654655,0.03819455836563247
96.6966966966967,0.037510436497779694
96.84684684684684,0.03684666018969112
96.996996996997,0.0362023483523074
97.14714714714715,0.035576671050755196
97.2972972972973,0.03496884575056222
97.44744744744744,0.0343781338972299
97.5975975975976,0.03380383779447587
97.74774774774775,0.033245297750593525
97.8978978978979,0.032701889465941505
98.04804804804805,0.03217302163768978
98.1981981981982,0.03165813376064672
98.34834834834835,0.03115669410535858
98.4984984984985,0.03066819785672862
98.64864864864865,0.03019216539822534
98.7987987987988,0.02972814072832816
98.94894894894895,0.029275689997268324
99.0990990990991,0.028834400153351553
99.24924924924925,0.028403877689245308
99.3993993993994,0.027983747479576743
99.54954954954955,0.027573651702048313
99.6996996996997,0.02717324883503565
99.84984984984985,0.026782212725312855
100.0,0.026400231720159408
100.15015015015015,0.026027007858631296
100.30030030030031,0.025662256117275507
100.45045045045045,0.0253057037059889
100.6006006006006,0.02495708941011688
100.75075075075075,0.02461616297523358
100.90090090090091,0.02428268453135875
101.05105105105105,0.023956424053648163
101.2012012012012,0.02363716085685466
101.35135135135135,0.023324683121076394
101.50150150150151,0.023018787446530242
101.65165165165165,0.02271927843526477
101.8018018018018,0.02242596829790637
101.95195195195195,0.022138676483683114
102.10210210210211,0.021857229332111663
102.25225225225225,0.02158145974486381
102.4024024024024,0.02131120687644303
102.55255255255256,0.02104631584240722
102.70270270270271,0.020786637443974403
102.85285285285285,0.020532027907934187
103.003003003003,0.02028234864086826
103.15315315315316,0.02003746599675928
103.30330330330331,0.019797251057134972
103.45345345345345,0.019561579422955704
103.6036036036036,0.019330331017512505
103.75375375375376,0.019103389899651987
103.90390390390391,0.01888064408669772
104.05405405405405,0.01866198538647832
104.2042042042042,0.018447309237913274
104.35435435435436,0.01823651455964888
104.50450450450451,0.018029503606267438
104.65465465465465,0.017826181831625886
104.8048048048048,0.017626457758914256
104.95495495495496,0.017430242857043008
105.10510510510511,0.01723745142300211
105.25525525525525,0.017048000469853667
105.4054054054054,0.016861809620043716
105.55555555555556,0.016678801003736136
105.70570570570571,0.016498899161894176
105.85585585585586,0.01632203095385085
106.006006006006,0.016148125469123243
106.15615615615616,0.01597711394324609
106.30630630630631,0.015808929677407886
106.45645645645646,0.015643507961691033
106.6066066066066,0.015480786001726565
106.75675675675676,0.015320702848585142
106.90690690690691,0.015163199331740193
107.05705705705707,0.015008217994943283
107.2072072072072,0.014855703034865336
107.35735735735736,0.01470560024236566
107.50750750750751,0.014557856946254924
107.65765765765767,0.014412421959430391
107.8078078078078,0.014269245527267013
107.95795795795796,0.014128279278152238
108.10810810810811,0.013989476176062192
108.25825825825827,0.013852790475081863
108.4084084084084,0.013718177675773185
108.55855855855856,0.013585594483307034
108.70870870870871,0.01345499876727429
108.85885885885887,0.013326349523096997
109.009009009009,0.013199606834966874
109.15915915915916,0.013074731840239474
109.30930930930931,0.012951686695218132
109.45945945945947,0.012830434542263989
109.6096096096096,0.012710939478172811
109.75975975975976,0.012593166523761017
109.90990990990991,0.012477081594607654
110.06006006006007,0.0123626514729014
110.2102102102102,0.012249843780342832
110.36036036036036,0.012138626952057285
110.51051051051051,0.01202897021147388
110.66066066066067,0.011920843546128292
110.8108108108108,0.011814217684351246
110.96096096096096,0.011709064072804027
111.11111111111111,0.011605354854825006
111.26126126126127,0.011503062849553894
111.41141141141141,0.011402161531800922
111.56156156156156,0.011302625012629507
111.71171171171171,0.011204428020623734
111.86186186186187,0.011107545883812147
112.01201201201201,0.011011954512221776
112.16216216216216,0.010917630381035133
112.31231231231232,0.01082455051432818
112.46246246246247,0.010732692469364659
112.61261261261261,0.010642034321424623
112.76276276276276,0.010552554649146477
112.91291291291292,0.010464232520362687
113.06306306306307,0.010377047478408416
113.21321321321321,0.010290979528886387
113.36336336336336,0.010206009126869689
113.51351351351352,0.01012211716452495
113.66366366366367,0.01003928495914106
113.81381381381381,0.009957494241547146
113.96396396396396,0.009876727144905884
114.11411411411412,0.009796966193866552
114.26426426426427,0.0097181942940667
114.41441441441441,0.009640394721966945
114.56456456456456,0.009563551115008829
114.71471471471472,0.009487647462081753
114.86486486486487,0.009412668094289957
115.01501501501501,0.009338597676006226
115.16516516516516,0.009265421196204146
115.31531531531532,0.00919312396005737
115.46546546546547,0.009121691580796712
115.61561561561562,0.009051109971816502
115.76576576576576,0.008981365339020686
115.91591591591592,0.00891244417340014
116.06606606606607,0.00884433324383379
116.21621621621622,0.008777019590105045
116.36636636636636,0.008710490516126351
116.51651651651652,0.008644733583364953
116.66666666666667,0.00857973660446203
116.81681681681683,0.008515487637039802
116.96696696696696,0.008451974977689456
117.11711711711712,0.008389187156133649
117.26726726726727,0.008327112929558107
117.41741741741743,0.008265741277107082
117.56756756756756,0.008205061394535576
117.71771771771772,0.008145062689015228
117.86786786786787,0.008085734774086814
118.01801801801803,0.008027067464756236
118.16816816816817,0.007969050772728197
118.31831831831832,0.007911674901773205
118.46846846846847,0.007854930243224227
118.61861861861863,0.007798807371597726
118.76876876876877,0.007743297040336627
118.91891891891892,0.0076883901776693755
119.06906906906907,0.007634077882583239
119.21921921921923,0.007580351420906761
119.36936936936937,0.007527202221499062
119.51951951951952,0.007474621872541939
119.66966966966967,0.007422602117931458
119.81981981981983,0.007371134853766994
119.96996996996997,0.007320212124932734
120.12012012012012,0.007269826121771347
120.27027027027027,0.007219969176844491
120.42042042042043,0.0071706337617790696
120.57057057057057,0.007121812484196613
120.72072072072072,0.0070734980847219475
120.87087087087087,0.007025683434070266
121.02102102102103,0.006978361530209577
121.17117117117117,0.006931525495596116
121.32132132132132,0.006885168574480766
121.47147147147147,0.0068392841302844926
121.62162162162163,0.006793865643040717
121.77177177177177,0.006748906706902065
121.92192192192192,0.006704401027710608
122.07207207207207,0.006660342420629163
122.22222222222223,0.006616724807831695
122.37237237237237,0.006573542216251385
122.52252252252252,0.006530788775384962
122.67267267267268,0.006488458715151209
122.82282282282283,0.006446546363802178
122.97297297297297,0.006405046145885863
123.12312312312312,0.006363952580258609
123.27327327327328,0.006323260278146221
123.42342342342343,0.006282963941251641
123.57357357357357,0.006243058359908947
123.72372372372372,0.0062035384112814175
123.87387387387388,0.006164399057603054
124.02402402402403,0.006125635344461963
124.17417417417417,0.006087242399124873
124.32432432432432,0.0060492154289011725
124.47447447447448,0.0060115497195455695
124.62462462462463,0.005974240633698778
124.77477477477477,0.005937283609364205
124.92492492492492,0.005900674158420679
125.07507507507508,0.005864407865169622
125.22522522522523,0.005828480384915998
125.37537537537538,0.005792887442581861
125.52552552552552,0.005757624831352279
125.67567567567568,0.005722688411351696
125.82582582582583,0.005688074108351416
125.97597597597598,0.0056537779125052584
126.12612612612612,0.005619795877115392
126.27627627627628,0.005586124117424981
126.42642642642643,0.0055527588094385445
126.57657657657658,0.005519696188768635
126.72672672672672,0.005486932549508392
126.87687687687688,0.005454464243129134
127.02702702702703,0.005422287677402673
127.17717717717719,0.005390399315347214
127.32732732732732,0.005358795674196703
127.47747747747748,0.005327473324392789
127.62762762762763,0.005296428888598661
127.77777777777779,0.005265659040735129
127.92792792792793,0.005235160505036436
128.07807807807808,0.005204930055127946
128.22822822822823,0.0051749645131227585
128.3783783783784,0.005145260748738152
128.52852852852854,0.005115815678431074
128.6786786786787,0.005086626264551978
128.82882882882882,0.005057689514516739
128.97897897897897,0.00502900247999615
129.12912912912913,0.005000562256122748
129.27927927927928,0.004972365980714068
129.42942942942943,0.004944410833512588
129.5795795795796,0.004916694035441338
129.72972972972974,0.004889212847875361
129.8798798798799,0.0048619645719279615
130.03003003003002,0.004834946547752166
130.18018018018017,0.00480815615385632
130.33033033033033,0.004781590806434202
130.48048048048048,0.004755247958708421
130.63063063063063,0.0047291251002877345
130.7807807807808,0.004703219756537201
130.93093093093094,0.004677529487961239
131.0810810810811,0.0046520518895993125
131.23123123123122,0.00462678459043372
131.38138138138137,0.004601725252809462
131.53153153153153,0.004576871571865625
131.68168168168168,0.004552221274978353
131.83183183183183,0.0045277721212146835
131.981981981982,0.004503521900797606
132.13213213213214,0.0044794684345815265
132.2822822822823,0.004455609573538197
132.43243243243242,0.004431943198252635
132.58258258258257,0.004408467218429306
132.73273273273273,0.004385179572407628
132.88288288288288,0.0043620782266873505
133.03303303303304,0.004339161175462693
133.1831831831832,0.004316426440165949
133.33333333333334,0.004293872069019782
133.4834834834835,0.004271496136598278
133.63363363363362,0.0042492967433962895
133.78378378378378,0.00422727201540712
133.93393393393393,0.004205420103708449
134.08408408408408,0.004183739184055883
134.23423423423424,0.0041622274564846315
134.3843843843844,0.004140883144918188
134.53453453453454,0.004119704496785154
134.6846846846847,0.004098689782642561
134.83483483483485,0.004077837295806759
134.98498498498498,0.004057145351991181
135.13513513513513,0.004036612288950629
135.28528528528528,0.004016236466132494
135.43543543543544,0.003996016264334268
135.5855855855856,0.003975950085367528
135.73573573573574,0.003956036351728074
135.8858858858859,0.003936273506272184
136.03603603603605,0.003916660011898785
136.18618618618618,0.0038971943512375964
136.33633633633633,0.0038778750263425772
136.48648648648648,0.003858700558391606
136.63663663663664,0.003839669487391029
136.7867867867868,0.0038207803718859775
136.93693693693695,0.0038020317886755597
137.0870870870871,0.0037834223325335613
137.23723723723725,0.00376495061593384
137.38738738738738,0.0037466152687809736
137.53753753753753,0.003728414938145465
137.68768768768768,0.0037103482880037203
137.83783783783784,0.003692413998982736
137.987987987988,0.0036746107681093557
138.13813813813815,0.0036569373085637365
138.2882882882883,0.0036393923494374013
138.43843843843845,0.003621974635495462
138.58858858858858,0.003604682926942962
138.73873873873873,0.0035875159991954368
138.88888888888889,0.003570472642653334
139.03903903903904,0.0035535516624805416
139.1891891891892,0.0035367518783864667
139.33933933933935,0.003520072124412285
139.4894894894895,0.003503511248720507
139.63963963963965,0.0034870681133884807
139.78978978978978,0.0034707415942052096
139.93993993993993,0.0034545305804717054
140.0900900900901,0.003438433974804855
140.24024024024024,0.003422450692944643
140.3903903903904,0.0034065796635643912
140.54054054054055,0.0033908198280845118
140.6906906906907,0.0033751701404893617
140.84084084084085,0.0033596295671469443
140.99099099099098,0.0033441970866320346
141.14114114114113,0.0033288716895518693
141.2912912912913,0.0033136523783750954
141.44144144144144,0.0032985381672634368
141.5915915915916,0.0032835280819060015
141.74174174174175,0.0032686211593567554
141.8918918918919,0.0032538164478741333
142.04204204204206,0.0032391130067638708
142.19219219219218,0.0032245099062240446
142.34234234234233,0.0032100062271926766
142.4924924924925,0.0031956010611982437
142.64264264264264,0.0031812935102120206
142.7927927927928,0.003167082686503263
142.94294294294295,0.0031529677124966784
143.0930930930931,0.0031389477206321074
143.24324324324326,0.0031250218532265796
143.39339339339338,0.0031111892623384547
143.54354354354354,0.003097449109634054
143.6936936936937,0.0030838005662559894
143.84384384384384,0.0030702428126940817
143.993993993994,0.003056775038658035
144.14414414414415,0.0030433964429521115
144.2942942942943,0.0030301062333521495
144.44444444444446,0.0030169036264841784
144.5945945945946,0.0030037878477050545
144.74474474474474,0.0029907581309851074
144.8948948948949,0.002977813718792486
145.04504504504504,0.002964953861979438
145.1951951951952,0.0029521778196702785
145.34534534534535,0.002939484859151232
145.4954954954955,0.0029268742557618053
145.64564564564566,0.0029143452927881345
145.7957957957958,0.0029018972613576687
145.94594594594594,0.002889529460335785
146.0960960960961,0.0028772411962237872
146.24624624624624,0.0028650317830585838
146.3963963963964,0.002852900542313935
146.54654654654655,0.002840846802803109
146.6966966966967,0.002828869900583147
146.84684684684686,0.0028169691788604585
146.996996996997,0.002805143987898108
147.14714714714714,0.0027933936849241945
147.2972972972973,0.0027817176340418537
147.44744744744744,0.002770115206140484
147.5975975975976,0.002758585778808486
147.74774774774775,0.002747128736247134
147.8978978978979,0.002735743469185842
148.04804804804806,0.002724429374798686
148.1981981981982,0.002713185856622196
148.34834834834834,0.0027020123244743386
148.4984984984985,0.0026909081943747863
148.64864864864865,0.002679872888466183
148.7987987987988,0.002668905834936879
148.94894894894895,0.002658006467944525
149.0990990990991,0.002647174227540999
149.24924924924926,0.0026364085595982803
149.3993993993994,0.002625708915735597
149.54954954954954,0.0026150747532474134
149.6996996996997,0.002604505535032729
149.84984984984985,0.0025940007295252292
