-0.15015015015015015,0.0005375003925116687
0.0,0.000539691211820218
0.15015015015015015,0.0005418954321253423
0.3003003003003003,0.0005441131629238224
0.45045045045045046,0.0005463445148302351
0.6006006006006006,0.0005485895995960177
0.7507507507507507,0.0005508485301185847
0.9009009009009009,0.000553121420458336
1.0510510510510511,0.00055540838585245
1.2012012012012012,0.0005577095427305341
1.3513513513513513,0.0005600250087263896
1.5015015015015014,0.0005623549026968921
1.6516516516516517,0.0005646993447333349
1.8018018018018018,0.0005670584561812462
1.951951951951952,0.000569432359651276
2.1021021021021022,0.0005718211790399358
2.2522522522522523,0.0005742250395408905
2.4024024024024024,0.0005766440676660541
2.5525525525525525,0.0005790783912586957
2.7027027027027026,0.0005815281395129471
2.8528528528528527,0.0005839934429869639
3.003003003003003,0.0005864744336261027
3.1531531531531534,0.0005889712447749258
3.3033033033033035,0.0005914840111992592
3.4534534534534536,0.0005940128691033565
3.6036036036036037,0.0005965579561435784
3.7537537537537538,0.0005991194114561159
3.903903903903904,0.0006016973756678643
4.054054054054054,0.0006042919909206501
4.2042042042042045,0.0006069034008891706
4.354354354354355,0.0006095317508000063
4.504504504504505,0.0006121771874511361
4.654654654654655,0.0006148398592377688
4.804804804804805,0.0006175199161649115
4.954954954954955,0.0006202175098759421
5.105105105105105,0.0006229327936698385
5.255255255255255,0.0006256659225224672
5.405405405405405,0.0006284170531130366
5.555555555555555,0.000631186343841984
5.7057057057057055,0.0006339739548563856
5.8558558558558556,0.0006367800480707977
6.006006006006006,0.0006396047871937294
6.156156156156157,0.0006424483377476163
6.306306306306307,0.0006453108670989417
6.456456456456457,0.000648192544475096
6.606606606606607,0.0006510935409981975
6.756756756756757,0.0006540140297007147
6.906906906906907,0.0006569541855598374
7.057057057057057,0.000659914185517938
7.207207207207207,0.0006628942085146003
7.357357357357357,0.0006658944355075731
7.5075075075075075,0.000668915049502185
7.657657657657658,0.0006719562355843677
7.807807807807808,0.0006750181809397345
7.957957957957958,0.0006781010748918226
8.108108108108109,0.0006812051089231973
8.258258258258259,0.0006843304767099106
8.408408408408409,0.0006874773741532164
8.558558558558559,0.0006906459994038642
8.70870870870871,0.0006938365528986128
8.85885885885886,0.0006970492373904799
9.00900900900901,0.0007002842579799092
9.15915915915916,0.0007035418221507651
9.30930930930931,0.0007068221397970812
9.45945945945946,0.0007101254232644228
9.60960960960961,0.0007134518873774259
9.75975975975976,0.0007168017494832995
9.90990990990991,0.000720175229476543
10.06006006006006,0.0007235725498413059
10.21021021021021,0.000726993935688303
10.36036036036036,0.0007304396147917781
10.51051051051051,0.0007339098176260459
10.66066066066066,0.0007374047774018745
10.81081081081081,0.0007409247301104397
10.96096096096096,0.000744469914561807
11.11111111111111,0.0007480405724218254
11.26126126126126,0.0007516369482575362
11.411411411411411,0.0007552592895774718
11.561561561561561,0.0007589078468736345
11.711711711711711,0.0007625828736662743
11.861861861861861,0.00076628462654316
12.012012012012011,0.0007700133652134717
12.162162162162163,0.000773769352544921
12.312312312312313,0.0007775528546107284
12.462462462462463,0.0007813641407437387
12.612612612612613,0.0007852034835765413
12.762762762762764,0.0007890711590939012
12.912912912912914,0.000792967446680538
13.063063063063064,0.0007968926291734916
13.213213213213214,0.0008008469929130081
13.363363363363364,0.0008048308277921896
13.513513513513514,0.0008088444273131073
13.663663663663664,0.0008128880886421273
13.813813813813814,0.0008169621126570517
13.963963963963964,0.0008210668040125235
14.114114114114114,0.0008252024711920258
14.264264264264265,0.0008293694265652912
14.414414414414415,0.0008335679864517952
14.564564564564565,0.0008377984711707775
14.714714714714715,0.0008420612051173848
14.864864864864865,0.0008463565168105473
15.015015015015015,0.0008506847389616087
15.165165165165165,0.00085504620854274
15.315315315315315,0.0008594412668471827
15.465465465465465,0.0008638702595578252
15.615615615615615,0.0008683335368118026
15.765765765765765,0.0008728314532773712
15.915915915915916,0.0008773643682163784
16.066066066066067,0.000881932645557661
16.216216216216218,0.0008865366539775893
16.366366366366368,0.000891176766964112
16.516516516516518,0.0008958533628931518
16.666666666666668,0.0009005668251150386
16.816816816816818,0.00090531754202162
16.966966966966968,0.0009101059071384636
17.117117117117118,0.0009149323191926977
17.26726726726727,0.0009197971822049498
17.41741741741742,0.000924700905571042
17.56756756756757,0.0009296439041483366
17.71771771771772,0.0009346265983448605
17.86786786786787,0.000939649414204226
18.01801801801802,0.0009447127835014263
18.16816816816817,0.0009498171438340039
18.31831831831832,0.000954962938714312
18.46846846846847,0.0009601506176692298
18.61861861861862,0.0009653806363353984
18.76876876876877,0.0009706534565585401
18.91891891891892,0.0009759695464997515
19.06906906906907,0.0009813293807358799
19.21921921921922,0.0009867334403647168
19.36936936936937,0.000992182213116701
19.51951951951952,0.0009976761934550786
19.66966966966967,0.0010032158827058433
19.81981981981982,0.001008801789151926
19.96996996996997,0.0010144344281624608
20.12012012012012,0.001020114322306951
20.27027027027027,0.0010258420014800618
20.42042042042042,0.0010316180030178056
20.57057057057057,0.001037442871830224
20.72072072072072,0.001043317160526812
20.87087087087087,0.0010492414295483277
21.02102102102102,0.0010552162472987877
21.17117117117117,0.0010612421902834234
21.32132132132132,0.0010673198432462256
21.47147147147147,0.0010734497993157154
21.62162162162162,0.0010796326601402464
21.77177177177177,0.0010858690360415351
21.92192192192192,0.0010921595461712192
22.07207207207207,0.0010985048186519257
22.22222222222222,0.0011049054907386565
22.37237237237237,0.0011113622089851494
22.52252252252252,0.0011178756293967384
22.67267267267267,0.0011244464176031125
22.822822822822822,0.0011310752490240582
22.972972972972972,0.0011377628090493655
23.123123123123122,0.0011445097932081198
23.273273273273272,0.0011513169073541177
23.423423423423422,0.0011581848678477726
23.573573573573572,0.0011651144017441387
23.723723723723722,0.001172106246988815
23.873873873873872,0.0011791611526089866
24.024024024024023,0.0011862798789186034
24.174174174174176,0.0011934631977170037
24.324324324324326,0.0012007118925066631
24.474474474474476,0.0012080267586949379
24.624624624624627,0.0012154086038208636
24.774774774774777,0.0012228582477729142
24.924924924924927,0.0012303765230254132
25.075075075075077,0.0012379642748553531
25.225225225225227,0.0012456223615889405
25.375375375375377,0.0012533516548481577
25.525525525525527,0.0012611530397879354
25.675675675675677,0.0012690274153577602
25.825825825825827,0.0012769756945535445
25.975975975975977,0.0012849988046860163
26.126126126126128,0.0012930976876515835
26.276276276276278,0.0013012733002059516
26.426426426426428,0.0013095266142426733
26.576576576576578,0.0013178586170917487
26.726726726726728,0.001326270311803078
26.876876876876878,0.0013347627174572544
27.027027027027028,0.001343336869468396
27.177177177177178,0.0013519938198978479
27.32732732732733,0.001360734637777641
27.47747747747748,0.0013695604094463047
27.62762762762763,0.0013784722388797436
27.77777777777778,0.0013874712480295632
27.92792792792793,0.001396558577193601
28.07807807807808,0.0014057353853538365
28.22822822822823,0.0014150028505652463
28.37837837837838,0.001424362170325617
28.52852852852853,0.0014338145619533817
28.67867867867868,0.0014433612629974482
28.82882882882883,0.0014530035316288293
28.97897897897898,0.001462742647064352
29.12912912912913,0.0014725799099855371
29.27927927927928,0.0014825166429674806
29.42942942942943,0.0014925541909347835
29.57957957957958,0.0015026939215988108
29.72972972972973,0.0015129372259432199
29.87987987987988,0.0015232855186806907
30.03003003003003,0.0015337402387495707
30.18018018018018,0.0015443028498172745
30.33033033033033,0.0015549748407792479
30.48048048048048,0.0015657577262978397
30.63063063063063,0.0015766530473237306
30.78078078078078,0.0015876623716595652
30.93093093093093,0.0015987872945059597
31.08108108108108,0.0016100294390576438
31.23123123123123,0.0016213904570829246
31.38138138138138,0.0016328720295173756
31.53153153153153,0.0016444758671180176
31.68168168168168,0.0016562037110647418
31.83183183183183,0.0016680573336320282
31.98198198198198,0.0016800385388460164
32.132132132132135,0.001692149163184398
32.28228228228228,0.0017043910762540998
32.432432432432435,0.0017167661815406681
32.58258258258258,0.0017292764171228578
32.732732732732735,0.0017419237564440162
32.88288288288288,0.0017547102090780167
33.033033033033036,0.0017676378215337833
33.18318318318318,0.0017807086780686219
33.333333333333336,0.0017939249015316004
33.48348348348348,0.0018072886542138912
33.633633633633636,0.0018208021387384576
33.78378378378378,0.0018344675989619488
33.933933933933936,0.0018482873209106636
34.08408408408408,0.0018622636337204096
34.234234234234236,0.0018763989106339422
34.38438438438438,0.0018906955699923586
34.53453453453454,0.0019051560762664665
34.68468468468468,0.0019197829411243506
34.83483483483484,0.001934578724521895
34.98498498498498,0.0019495460357992923
35.13513513513514,0.0019646875348638885
35.28528528528528,0.001980005933324593
35.43543543543544,0.0019955039957455056
35.585585585585584,0.0020111845408568828
35.73573573573574,0.002027050442861061
35.885885885885884,0.002043104632720397
36.03603603603604,0.002059350099528084
36.186186186186184,0.002075789891884135
36.33633633633634,0.0020924271193213198
36.486486486486484,0.0021092649537829042
36.63663663663664,0.0021263066311162765
36.786786786786784,0.0021435554526334933
36.93693693693694,0.00216101478669695
37.087087087087085,0.0021786880703697103
37.23723723723724,0.002196578811095506
37.387387387387385,0.00221469058843202
37.53753753753754,0.0022330270558483818
37.687687687687685,0.0022515919425379017
37.83783783783784,0.002270389055343712
37.987987987987985,0.002289422280666738
38.13813813813814,0.002308695586496283
38.288288288288285,0.002328213024469211
38.43843843843844,0.0023479787319720235
38.58858858858859,0.002367996934349985
38.73873873873874,0.002388271947147049
38.88888888888889,0.0024088081784292437
39.03903903903904,0.00242961013117213
39.18918918918919,0.0024506824057124103
39.33933933933934,0.0024720297023027265
39.48948948948949,0.002493656823705675
39.63963963963964,0.002515568677890564
39.78978978978979,0.0025377702808223363
39.93993993993994,0.0025602667593055176
40.090090090090094,0.0025830633539464768
40.24024024024024,0.0026061654221827936
40.390390390390394,0.002629578441426229
40.54054054054054,0.0026533080123134238
40.690690690690694,0.0026773598620149323
40.84084084084084,0.0027017398477029385
40.990990990990994,0.0027264539600911166
41.14114114114114,0.0027515083271089182
41.291291291291294,0.0027769092176878622
41.44144144144144,0.002802663045654148
41.591591591591595,0.002828776373783898
41.74174174174174,0.0028552559179602427
41.891891891891895,0.0028821085514678805
42.04204204204204,0.002909341309445354
42.192192192192195,0.002936961393473968
42.34234234234234,0.002964976176324371
42.492492492492495,0.0029933932068411514
42.64264264264264,0.0030222202150323616
42.792792792792795,0.0030514651172931086
42.94294294294294,0.003081136021824619
43.093093093093096,0.0031112412342109486
43.24324324324324,0.003141789263242084
43.393393393393396,0.003172788826877878
43.54354354354354,0.0032042488584506077
43.693693693693696,0.0032361785130767375
43.84384384384384,0.0032685871742742945
43.993993993993996,0.003301484460850787
44.14414414414414,0.003334880233997465
44.294294294294296,0.0033687846046433945
44.44444444444444,0.0034032079410834977
44.5945945945946,0.0034381608768704547
44.74474474474474,0.0034736543189836234
44.8948948948949,0.003509699456295348
45.04504504504504,0.0035463077683771326
45.1951951951952,0.003583491034562006
45.34534534534534,0.003621261343394568
45.4954954954955,0.0036596311024104573
45.645645645645644,0.003698613048276615
45.7957957957958,0.0037382202572941794
45.945945945945944,0.003778466156347924
46.0960960960961,0.003819364534197033
46.246246246246244,0.0038609295532413563
46.3963963963964,0.003903175761709492
46.546546546546544,0.003946118106342429
46.6966966966967,0.003989771945539545
46.846846846846844,0.004034153063021828
46.996996996997,0.0040792776819966155
47.147147147147145,0.004125162479965541
47.2972972972973,0.004171824603991426
47.447447447447445,0.004219281686665901
47.5975975975976,0.0042675518626621705
47.747747747747745,0.004316653785967153
47.8978978978979,0.004366606647817357
48.048048048048045,0.00441743019532681
48.1981981981982,0.004469144750874092
48.34834834834835,0.004521771232369814
48.4984984984985,0.004575331174192919
48.64864864864865,0.004629846749160909
48.7987987987988,0.004685340791303881
48.94894894894895,0.004741836819657534
49.0990990990991,0.004799359063008186
49.24924924924925,0.004857932485691642
49.3993993993994,0.00491758281455545
49.54954954954955,0.004978336567005381
49.6996996996997,0.0050402210802925375
49.84984984984985,0.005103264542017745
50.0,0.00516749602210929
50.150150150150154,0.005232945506023053
50.3003003003003,0.005299643929562312
50.450450450450454,0.005367623215129709
50.6006006006006,0.005436916309728804
50.750750750750754,0.005507557224531114
50.9009009009009,0.005579581076328353
51.051051051051054,0.00565302413091492
51.2012012012012,0.005727923848347356
51.351351351351354,0.005804318930370582
51.5015015015015,0.00588224937004453
51.651651651651655,0.005961756503703098
51.8018018018018,0.0060428830652771185
51.951951951951955,0.006125673243383699
52.1021021021021,0.006210172740910641
52.252252252252255,0.006296428837638701
52.4024024024024,0.00638449045582506
52.552552552552555,0.0064744082289888635
52.7027027027027,0.006566234574128949
52.852852852852855,0.006660023767386378
53.003003003003,0.0067558320236335715
53.153153153153156,0.006853717579905076
53.3033033033033,0.0069537407831474895
53.453453453453456,0.007055964182420363
53.6036036036036,0.007160452625703432
53.753753753753756,0.007267273361857082
53.9039039039039,0.007376496147784719
54.054054054054056,0.007488193361205532
54.2042042042042,0.007602440119437592
54.354354354354356,0.007719314404410408
54.5045045045045,0.00783889719438944
54.65465465465466,0.007961272602861565
54.8048048048048,0.008086528024895834
54.95495495495496,0.008214754291523822
55.1051051051051,0.008346045832630811
55.25525525525526,0.008480500849016099
55.4054054054054,0.008618221493874905
55.55555555555556,0.008759314064745016
55.705705705705704,0.008903889206225018
55.85585585585586,0.009052062124380592
56.006006006006004,0.009203952813592913
56.15615615615616,0.009359686296539016
56.306306306306304,0.009519392878335907
56.45645645645646,0.009683208415770181
56.606606606606604,0.009851274602458469
56.75675675675676,0.010023739271474458
56.906906906906904,0.01020075671605493
57.05705705705706,0.010382488030142521
57.207207207207205,0.010569101469955844
57.35735735735736,0.010760772838036423
57.507507507507505,0.0109576858914418
57.65765765765766,0.011160032775948965
57.80780780780781,0.011368014487828405
57.95795795795796,0.01158184136573465
58.10810810810811,0.011801733614245616
58.25825825825826,0.012027921862221104
58.40840840840841,0.012260647757867695
58.55855855855856,0.012500164603893742
58.70870870870871,0.012746738035333948
58.85885885885886,0.013000646743851237
59.00900900900901,0.013262183251748393
59.15915915915916,0.013531654739808207
59.30930930930931,0.013809383933279613
59.45945945945946,0.01409571005048063
59.60960960960961,0.014390989819511283
59.75975975975976,0.014695598568315182
59.90990990990991,0.015009931394209282
60.06006006006006,0.015334404419696914
60.210210210210214,0.01566945614190632
60.36036036036036,0.01601554888336467
60.510510510510514,0.01637317035308094
60.66066066066066,0.016742835327508556
60.810810810810814,0.017125087462131768
60.96096096096096,0.01752050124484089
61.111111111111114,0.017929684104335885
61.26126126126126,0.018353278687479463
61.411411411411414,0.018791965321046544
61.56156156156156,0.019246464675231677
61.711711711711715,0.01971754064740166
61.86186186186186,0.020206003487836098
62.012012012012015,0.020712713189660777
62.16216216216216,0.02123858316968384
62.312312312312315,0.021784584267651057
62.46246246246246,0.02235174909658898
62.612612612612615,0.022941176778711093
62.76276276276276,0.023554038106309655
62.912912912912915,0.02419158117182146
63.06306306306306,0.024855137514929068
63.213213213213216,0.025546128842137365
63.36336336336336,0.026266074378934034
63.513513513513516,0.02701659892360437
63.66366366366366,0.027799441678475277
63.813813813813816,0.02861646594521133
63.96396396396396,0.029469669780042906
64.11411411411412,0.0303611977183686
64.26426426426427,0.031293353691267116
64.41441441441441,0.03226861527136007
64.56456456456456,0.03328964940573734
64.71471471471472,0.03435932981220282
64.86486486486487,0.035480756239465054
65.01501501501501,0.036657275819149744
65.16516516516516,0.03789250676883908
65.31531531531532,0.03919036473960066
65.46546546546547,0.04055509214549656
65.61561561561561,0.041991290857306886
65.76576576576576,0.04350395869874192
65.91591591591592,0.045098530247932866
66.06606606606607,0.046780922518658515
66.21621621621621,0.048557586181811774
66.36636636636636,0.05043556308766788
66.51651651651652,0.052422550961915344
66.66666666666667,0.05452697628451731
66.81681681681681,0.05675807651403093
66.96696696696696,0.05912599300220096
67.11711711711712,0.06164187615406732
67.26726726726727,0.06431800463351478
67.41741741741743,0.06716792070146353
67.56756756756756,0.07020658410516165
67.71771771771772,0.07345054732360454
67.86786786786787,0.07691815542321472
68.01801801801803,0.08062977429401041
68.16816816816817,0.08460805163518469
68.31831831831832,0.08887821573737976
68.46846846846847,0.09346841789067695
68.61861861861863,0.09841012510873762
68.76876876876877,0.10373857082564235
68.91891891891892,0.10949327225770634
69.06906906906907,0.11571862419751364
69.21921921921923,0.12246458006728288
69.36936936936937,0.12978743199008885
69.51951951951952,0.13775070224815486
69.66966966966967,0.1464261585280533
69.81981981981983,0.15589496431841804
69.96996996996997,0.1662489730475038
70.12012012012012,0.1775921689535
70.27027027027027,0.1900422476434242
70.42042042042043,0.2037323124421948
70.57057057057057,0.21881263536484846
70.72072072072072,0.23545238874925195
70.87087087087087,0.2538411878401756
71.02102102102103,0.2741901856427137
71.17117117117117,0.29673231526647914
71.32132132132132,0.3217210640022413
71.47147147147147,0.3494268668154212
71.62162162162163,0.3801298048106926
71.77177177177177,0.41410677677232505
71.92192192192192,0.4516106997141924
72.07207207207207,0.49283867666646275
72.22222222222223,0.5378856683877388
72.37237237237237,0.5866804660086689
72.52252252252252,0.6389024496057384
72.67267267267268,0.693881837522355
72.82282282282283,0.7504940760956907
72.97297297297297,0.807071151952147
73.12312312312312,0.8613670333317937
73.27327327327328,0.9106248646883
73.42342342342343,0.9517886837171224
73.57357357357357,0.9818704303047316
73.72372372372372,0.9984226349367818
73.87387387387388,1.0
74.02402402402403,0.9864610629747121
74.17417417417417,0.958998837066379
74.32432432432432,0.9198886130158431
74.47447447447448,0.8720473025415117
74.62462462462463,0.8185515982649398
74.77477477477477,0.7622427345138072
74.92492492492492,0.7054819600318855
75.07507507507508,0.6500564148874538
75.22522522522523,0.5971967343705883
75.37537537537537,0.5476580713943414
75.52552552552552,0.5018245457882109
75.67567567567568,0.45981141764202277
75.82582582582583,0.4215521589085241
75.97597597597597,0.3868664173160175
76.12612612612612,0.35550976488083774
76.27627627627628,0.32720823430053086
76.42642642642643,0.30168112699102223
76.57657657657657,0.2786552658648151
76.72672672672672,0.25787326883310596
76.87687687687688,0.23909779516626486
77.02702702702703,0.22211317659063212
77.17717717717719,0.20672541926503263
77.32732732732732,0.19276124589759078
77.47747747747748,0.18006662038176466
77.62762762762763,0.16850503940691747
77.77777777777779,0.1579557680626774
77.92792792792793,0.14831212480725148
78.07807807807808,0.1394798743167552
78.22822822822823,0.13137575675545887
78.37837837837839,0.1239261633295476
78.52852852852853,0.11706595677637471
78.67867867867868,0.11073742908315665
78.82882882882883,0.10488938546674986
78.97897897897899,0.09947634232945426
79.12912912912913,0.09445782674824409
79.27927927927928,0.08979776558380144
79.42942942942943,0.08546395317200169
79.57957957957959,0.08142758761049501
79.72972972972973,0.07766286672303971
79.87987987987988,0.07414663584193887
80.03003003003003,0.07085808052221416
80.18018018018019,0.06777845818947727
80.33033033033033,0.06489086352079149
80.48048048048048,0.06218002305699213
80.63063063063063,0.059632115157341646
80.78078078078079,0.05723461194549342
80.93093093093093,0.05497614034987027
81.08108108108108,0.0528463597493877
81.23123123123123,0.05083585406898061
81.38138138138139,0.04893603647183305
81.53153153153153,0.0471390650443765
81.68168168168168,0.04543776808895226
81.83183183183183,0.0438255778251751
81.98198198198199,0.042296471462875344
82.13213213213213,0.04084491874494527
82.28228228228228,0.03946583517970928
82.43243243243244,0.038154540281380774
82.58258258258259,0.03690672022899984
82.73273273273273,0.03571839442459627
82.88288288288288,0.034585885502868875
83.03303303303304,0.03350579239673762
83.18318318318319,0.032474966113779945
83.33333333333333,0.031490487921209176
83.48348348348348,0.030549649673131656
83.63363363363364,0.02964993604698879
83.78378378378379,0.028789008482602886
83.93393393393393,0.027964690642530533
84.08408408408408,0.027174955232764607
84.23423423423424,0.026417912043238744
84.38438438438439,0.025691797080580205
84.53453453453453,0.024994962683222016
84.68468468468468,0.024325868518966134
84.83483483483484,0.023683073377439048
84.98498498498499,0.023065227678710828
85.13513513513513,0.022471066628520876
85.28528528528528,0.021899403957552174
85.43543543543544,0.021349126188840304
85.58558558558559,0.02081918738374169
85.73573573573573,0.02030860432169011
85.88588588588588,0.0198164520731782
86.03603603603604,0.019341859930789816
86.18618618618619,0.01888400766517407
86.33633633633633,0.0184421220770102
86.48648648648648,0.018015473818745877
86.63663663663664,0.01760337446307733
86.78678678678679,0.017205173795017528
86.93693693693695,0.01682025731033066
87.08708708708708,0.016448043901255892
87.23723723723724,0.016087983714579986
87.38738738738739,0.0157395561671811
87.53753753753755,0.015402268106284716
87.68768768768768,0.015075652102396244
87.83783783783784,0.014759264864341913
87.98798798798799,0.014452685766277234
88.13813813813815,0.014155515478285776
88.28828828828829,0.01386737469164358
88.43843843843844,0.013587902932170383
88.58858858858859,0.013316757454197366
88.73873873873875,0.013053612209231
88.88888888888889,0.012798156883752108
89.03903903903904,0.012550096000627377
89.1891891891892,0.012309148079717292
89.33933933933935,0.012075044852936777
89.48948948948949,0.011847530530242225
89.63963963963964,0.011626361112254643
89.7897897897898,0.011411303746720839
89.93993993993995,0.011202136125313815
90.09009009009009,0.010998645917965287
90.24024024024024,0.010800630242330883
90.3903903903904,0.010607895165578335
90.54054054054055,0.010420255236496208
90.69069069069069,0.010237533045853172
90.84084084084084,0.01005955881294177
90.990990990991,0.009886169996639837
91.14114114114115,0.00971721092942256
91.29129129129129,0.009552532472530403
91.44144144144144,0.009391991691253257
91.5915915915916,0.009235451548762284
91.74174174174175,0.009082780617374834
91.89189189189189,0.008933852806092449
92.04204204204204,0.00878854710354157
92.1921921921922,0.008646747334999887
92.34234234234235,0.008508341933001132
92.49249249249249,0.008373223720433242
92.64264264264264,0.008241289705367973
92.7927927927928,0.008112440887091574
92.94294294294295,0.007986582072387711
93.09309309309309,0.007863621701639652
93.24324324324324,0.007743471684103075
93.3933933933934,0.007626047241795552
93.54354354354355,0.00751126676149841
93.69369369369369,0.007399051654381947
93.84384384384384,0.007289326222886007
93.993993993994,0.007182017534282836
94.14414414414415,0.00707705530063582
94.29429429429429,0.006974371764892489
94.44444444444444,0.006873901592543858
94.5945945945946,0.006775581768578279
94.74474474474475,0.006679351499724716
94.89489489489489,0.00658515212122335
95.04504504504504,0.006492927008241182
95.1951951951952,0.006402621491545062
95.34534534534535,0.006314182777173703
95.49549549549549,0.006227559869943935
95.64564564564564,0.00614270350051467
95.7957957957958,0.006059566055973623
95.94594594594595,0.00597810151356787
96.09609609609609,0.005898265377526631
96.24624624624624,0.005820014618758897
96.3963963963964,0.00574330761737005
96.54654654654655,0.005668104107740295
96.6966966966967,0.005594365126075582
96.84684684684684,0.005522052960333619
96.996996996997,0.005451131102333699
97.14714714714715,0.005381564202074624
97.2972972972973,0.005313318023915782
97.44744744744744,0.0052463594048713464
97.5975975975976,0.005180656214498346
97.74774774774775,0.005116177316696799
97.8978978978979,0.005052892533033063
98.04804804804805,0.004990772607689299
98.1981981981982,0.004929789173864651
98.34834834834835,0.004869914721619239
98.4984984984985,0.004811122567047902
98.64864864864865,0.004753386822733513
98.7987987987988,0.004696682369435666
98.94894894894895,0.0046409848289572795
99.0990990990991,0.004586270538087776
99.24924924924925,0.0045325165236275835
99.3993993993994,0.004479700478417784
99.54954954954955,0.004427800738349948
99.6996996996997,0.004376796260260447
99.84984984984985,0.004326666600750958
100.0,0.004277391895804687
100.15015015015015,0.004228952841224943
100.30030030030031,0.004181330673831841
100.45045045045045,0.004134507153388978
100.6006006006006,0.0040884645452737
100.75075075075075,0.004043185603715417
100.90090090090091,0.0039986535557761885
101.05105105105105,0.003954852085886772
101.2012012012012,0.00391176532097805
101.35135135135135,0.003869377816193766
101.50150150150151,0.003827674541097689
101.65165165165165,0.003786640866421683
101.8018018018018,0.003746262551331303
101.95195195195195,0.003706525731076093
102.10210210210211,0.0036674169052027133
102.25225225225225,0.003628922926111238
102.4024024024024,0.0035910309880653126
102.55255255255256,0.0035537286165957375
102.70270270270271,0.0035170036582810966
102.85285285285285,0.0034808442708989832
103.003003003003,0.003445238913913379
103.15315315315316,0.0034101763393306157
103.30330330330331,0.0033756455828257144
103.45345345345345,0.0033416359552280164
103.6036036036036,0.003308137034285329
103.75375375375376,0.003275138656720601
103.90390390390391,0.0032426309105289017
104.05405405405405,0.003210604127609461
104.2042042042042,0.003179048876566324
104.35435435435436,0.0031479559558124652
104.50450450450451,0.0031173163868964777
104.65465465465465,0.003087121408045496
104.8048048048048,0.0030573624679058357
104.95495495495496,0.0030280312195517536
105.10510510510511,0.0029991195146167123
105.25525525525525,0.0029706193976794014
105.4054054054054,0.00294252310080941
105.55555555555556,0.0029148230382876343
105.70570570570571,0.002887511801528761
105.85585585585586,0.002860582154105051
106.006006006006,0.0028340270270103573
106.15615615615616,0.002807839514023198
106.30630630630631,0.00278201286722644
106.45645645645646,0.0027565404926910195
106.6066066066066,0.0027314159462704757
106.75675675675676,0.0027066329295494054
106.90690690690691,0.00268218528590054
107.05705705705707,0.002658066996678558
107.2072072072072,0.002634272177542905
107.35735735735736,0.0026107950748509917
107.50750750750751,0.002587630062226118
107.65765765765767,0.0025647716371680032
107.8078078078078,0.0025422144178210383
107.95795795795796,0.002519953139795798
108.10810810810811,0.002497982653127492
108.25825825825827,0.0024762979192980285
108.4084084084084,0.0024548940083450725
108.55855855855856,0.002433766096095852
108.70870870870871,0.002412909461433872
108.85885885885887,0.0023923194836767956
109.009009009009,0.0023719916400395773
109.15915915915916,0.0023519215031254713
109.30930930930931,0.0023321047385710092
109.45945945945947,0.0023125371026631422
109.6096096096096,0.0022932144401113783
109.75975975975976,0.0022741326818186366
109.90990990990991,0.0022552878427813026
110.06006006006007,0.0022366760199740558
110.2102102102102,0.002218293390366757
110.36036036036036,0.002200136208959367
110.51051051051051,0.0021822008068704724
110.66066066066067,0.002164483589487014
110.8108108108108,0.002146981034696034
110.96096096096096,0.002129689691101584
111.11111111111111,0.0021126061763556588
111.26126126126127,0.0020957271755004093
111.41141141141141,0.0020790494393562254
111.56156156156156,0.002062569782977203
111.71171171171171,0.0020462850841240408
111.86186186186187,0.002030192281788874
112.01201201201201,0.0020142883747682936
112.16216216216216,0.0019985704202682476
112.31231231231232,0.001983035532526122
112.46246246246247,0.0019676808815241318
112.61261261261261,0.0019525036916699045
112.76276276276276,0.0019375012405761034
112.91291291291292,0.001922670857808803
113.06306306306307,0.001908009923731126
113.21321321321321,0.0018935158683440038
113.36336336336336,0.0018791861701431339
113.51351351351352,0.0018650183550491645
113.66366366366367,0.001851009995334858
113.81381381381381,0.0018371587085736505
113.96396396396396,0.001823462156654247
114.11411411411412,0.0018099180447742377
114.26426426426427,0.0017965241204905985
114.41441441441441,0.001783278172793595
114.56456456456456,0.0017701780311754638
114.71471471471472,0.0017572215647617179
114.86486486486487,0.0017444066814362885
115.01501501501501,0.0017317313270144867
115.16516516516516,0.0017191934843959888
115.31531531531532,0.0017067911727898797
115.46546546546547,0.0016945224469130582
115.61561561561562,0.0016823853962474567
115.76576576576576,0.001670378144282921
115.91591591591592,0.0016584988478025044
116.06606606606607,0.0016467456961760706
116.21621621621622,0.0016351169106639516
116.36636636636636,0.0016236107437562857
116.51651651651652,0.0016122254785120409
116.66666666666667,0.0016009594279179449
116.81681681681683,0.001589810934271025
116.96696696696696,0.0015787783685672304
117.11711711711712,0.0015678601299003504
117.26726726726727,0.0015570546449003634
117.41741741741743,0.0015463603671465912
117.56756756756756,0.0015357757766277032
117.71771771771772,0.001525299379207146
117.86786786786787,0.0015149297060811386
118.01801801801803,0.0015046653132807142
118.16816816816817,0.0014945047811623744
118.31831831831832,0.0014844467139137512
118.46846846846847,0.001474489739087826
118.61861861861863,0.0014646325071268765
118.76876876876877,0.0014548736909024771
118.91891891891892,0.001445211985282752
119.06906906906907,0.0014356461066834753
119.21921921921923,0.001426174792646872
119.36936936936937,0.0014167968014366225
119.51951951951952,0.0014075109116071577
119.66966966966967,0.001398315921638166
119.81981981981983,0.0013892106495163442
119.96996996996997,0.0013801939323759024
120.12012012012012,0.001371264626121292
120.27027027027027,0.001362421605066133
120.42042042042043,0.0013536637615795917
120.57057057057057,0.0013449900057387622
120.72072072072072,0.0013363992649846328
120.87087087087087,0.0013278904838041883
121.02102102102103,0.0013194626233998927
121.17117117117117,0.0013111146613702562
121.32132132132132,0.0013028455913989614
121.47147147147147,0.0012946544229659506
121.62162162162163,0.0012865401810343107
121.77177177177177,0.0012785019057671599
121.92192192192192,0.0012705386522483815
122.07207207207207,0.0012626494902016792
122.22222222222223,0.0012548335037185893
122.37237237237237,0.0012470897909915655
122.52252252252252,0.0012394174640629817
122.67267267267268,0.0012318156485592656
122.82282282282283,0.001224283483449092
122.97297297297297,0.001216820120799641
123.12312312312312,0.0012094247255385981
123.27327327327328,0.0012020964752133155
123.42342342342343,0.0011948345597789164
123.57357357357357,0.0011876381813586087
123.72372372372372,0.0011805065540234523
123.87387387387388,0.0011734389036048964
124.02402402402403,0.0011664344674466184
124.17417417417417,0.0011594924942325195
124.32432432432432,0.0011526122437611173
124.47447447447448,0.0011457929867629264
124.62462462462463,0.0011390340047033572
124.77477477477477,0.0011323345895955393
124.92492492492492,0.0011256940438088049
125.07507507507508,0.0011191116798918359
125.22522522522523,0.0011125868204040193
125.37537537537538,0.00110611879771819
125.52552552552552,0.001099706953878457
125.67567567567568,0.0010933506404083638
125.82582582582583,0.0010870492181630645
125.97597597597598,0.00108080205716079
126.12612612612612,0.0010746085364337337
126.27627627627628,0.0010684680438614665
126.42642642642643,0.001062379976032254
126.57657657657658,0.0010563437380877877
126.72672672672672,0.0010503587435813074
126.87687687687688,0.0010444244143329802
127.02702702702703,0.0010385401802919694
127.17717717717719,0.0010327054794016894
127.32732732732732,0.0010269197574578248
127.47747747747748,0.0010211824679901176
127.62762762762763,0.0010154930721210115
127.77777777777779,0.001009851038446519
127.92792792792793,0.0010042558429071027
128.07807807807808,0.0009987069686726135
128.22822822822823,0.0009932039060186147
128.3783783783784,0.000987746152210015
128.52852852852854,0.0009823332113849648
128.6786786786787,0.000976964594449709
128.82882882882882,0.0009716398189557676
128.97897897897897,0.0009663584090044929
129.12912912912913,0.0009611198951317556
129.27927927927928,0.0009559238142103413
129.42942942942943,0.0009507697093381618
129.5795795795796,0.0009456571297527152
129.72972972972974,0.0009405856307172806
129.8798798798799,0.0009355547734354277
130.03003003003002,0.00093056412494844
130.18018018018017,0.0009256132580525797
130.33033033033033,0.0009207017511918495
130.48048048048048,0.0009158291883827856
130.63063063063063,0.0009109951591221724
130.7807807807808,0.0009061992582977819
130.93093093093094,0.0009014410861055592
131.0810810810811,0.0008967202479682823
131.23123123123122,0.0008920363544510026
131.38138138138137,0.0008873890211791818
131.53153153153153,0.0008827778687678392
131.68168168168168,0.0008782025227338698
131.83183183183183,0.000873662613430501
131.981981981982,0.0008691577759623268
132.13213213213214,0.0008646876501193658
132.2822822822823,0.0008602518803046248
132.43243243243242,0.0008558501154579636
132.58258258258257,0.000851482008994507
132.73273273273273,0.0008471472187304002
132.88288288288288,0.000842845406819009
133.03303303303304,0.0008385762396823017
133.1831831831832,0.0008343393879489947
133.33333333333334,0.0008301345263915525
133.4834834834835,0.0008259613338601521
133.63363363363362,0.0008218194932268279
133.78378378378378,0.0008177086913205597
133.93393393393393,0.000813628618867731
134.08408408408408,0.0008095789704414637
134.23423423423424,0.0008055594443935392
134.3843843843844,0.0008015697428055776
134.53453453453454,0.0007976095714350094
134.6846846846847,0.0007936786396560597
134.83483483483485,0.0007897766604056526
134.98498498498498,0.0007859033501402205
135.13513513513513,0.0007820584287736911
135.28528528528528,0.0007782416196308082
135.43543543543544,0.0007744526494006028
135.5855855855856,0.0007706912480821201
135.73573573573574,0.0007669571489402862
135.8858858858859,0.0007632500884586567
136.03603603603605,0.0007595698062851488
136.18618618618618,0.0007559160452034817
136.33633633633633,0.0007522885510696126
136.48648648648648,0.0007486870727776835
136.63663663663664,0.0007451113622143222
136.7867867867868,0.0007415611742179304
136.93693693693695,0.000738036266534339
137.0870870870871,0.0007345363997739615
137.23723723723725,0.000731061337376912
137.38738738738738,0.000727610845565699
137.53753753753753,0.0007241846933139361
137.68768768768768,0.0007207826522998984
137.83783783783784,0.0007174044968739412
137.987987987988,0.0007140500040203272
138.13813813813815,0.0007107189533174311
138.2882882882883,0.0007074111269041606
138.43843843843845,0.0007041263094449751
138.58858858858858,0.0007008642880936922
138.73873873873873,0.0006976248524565809
138.88888888888889,0.0006944077945647397
139.03903903903904,0.0006912129088330156
139.1891891891892,0.0006880399920335704
139.33933933933935,0.0006848888432636561
139.4894894894895,0.0006817592639056266
139.63963963963965,0.000678651057604455
139.78978978978978,0.0006755640302342101
139.93993993993993,0.0006724979898682713
140.0900900900901,0.0006694527467456128
140.24024024024024,0.000666428113248949
140.3903903903904,0.0006634239038657373
140.54054054054055,0.0006604399351719434
140.6906906906907,0.0006574760257920162
140.84084084084085,0.0006545319963812352
140.99099099099098,0.0006516076695927054
141.14114114114113,0.0006487028700509789
141.2912912912913,0.0006458174243297018
141.44144144144144,0.0006429511609218266
141.5915915915916,0.0006401039102130632
141.74174174174175,0.0006372755044660016
141.8918918918919,0.0006344657777820157
142.04204204204206,0.0006316745660855117
142.19219219219218,0.0006289017071004263
142.34234234234233,0.0006261470403205883
142.4924924924925,0.000623410406993683
142.64264264264264,0.000620691650093458
142.7927927927928,0.0006179906142964537
142.94294294294295,0.00061530714596826
143.0930930930931,0.0006126410931292997
143.24324324324326,0.0006099923054422507
143.39339339339338,0.0006073606341890552
143.54354354354354,0.0006047459322457631
143.6936936936937,0.0006021480540694326
143.84384384384384,0.0005995668556716598
143.993993993994,0.0005970021946032214
144.14414414414415,0.000594453929928642
144.2942942942943,0.0005919219222116452
144.44444444444446,0.0005894060334949333
144.5945945945946,0.0005869061272829007
144.74474474474474,0.0005844220685180799
144.8948948948949,0.0005819537235693253
145.04504504504504,0.0005795009602083674
145.1951951951952,0.0005770636475965715
145.34534534534535,0.0005746416562651733
145.4954954954955,0.0005722348580977782
145.64564564564566,0.0005698431263121692
145.7957957957958,0.000567466335450435
145.94594594594594,0.0005651043613532015
146.0960960960961,0.0005627570811503042
146.24624624624624,0.0005604243732407992
146.3963963963964,0.0005581061172806087
146.54654654654655,0.0005558021941629926
146.6966966966967,0.0005535124860070528
146.84684684684686,0.0005512368761410925
146.996996996997,0.0005489752490869038
147.14714714714714,0.0005467274905465805
147.2972972972973,0.000544493487386446
147.44744744744744,0.000542273127626813
147.5975975975976,0.0005400663004209124
147.74774774774775,0.0005378728960498793
147.8978978978979,0.0005356928058989421
148.04804804804806,0.0005335259224530178
148.1981981981982,0.0005313721392796195
148.34834834834834,0.0005292313510161269
148.4984984984985,0.0005271034533568485
148.64864864864865,0.0005249883430385302
148.7987987987988,0.0005228859178326436
148.94894894894895,0.0005207960765270688
149.0990990990991,0.0005187187189191638
149.24924924924926,0.0005166537458009162
149.3993993993994,0.0005146010589467738
149.54954954954954,0.0005125605611044502
149.6996996996997,0.0005105321559818322
149.84984984984985,0.0005085157482337564
