-120.0,0.008301165247254931
-119.92992992992994,0.008333443536274566
-119.85985985985987,0.008365913700229292
-119.7897897897898,0.008398577274668525
-119.71971971971972,0.008431435810530099
-119.64964964964966,0.008464490874324609
-119.57957957957959,0.008497744048322152
-119.50950950950951,0.008531196930741758
-119.43943943943944,0.008564851135943411
-119.36936936936937,0.008598708294622772
-119.2992992992993,0.00863277005400856
-119.22922922922923,0.008667038078062768
-119.15915915915917,0.008701514047683627
-119.08908908908909,0.00873619966091143
-119.01901901901903,0.00877109663313722
-118.94894894894895,0.00880620669731448
-118.8788788788789,0.008841531604173752
-118.80880880880882,0.008877073122440276
-118.73873873873873,0.008912833039054768
-118.66866866866867,0.00894881315939723
-118.5985985985986,0.008985015307514067
-118.52852852852854,0.0090214413263483
-118.45845845845847,0.009058093077973152
-118.38838838838839,0.009094972443828914
-118.31831831831832,0.00913208132496322
-118.24824824824826,0.009169421642274755
-118.17817817817819,0.009206995336760473
-118.1081081081081,0.009244804369766362
-118.03803803803804,0.009282850723241764
-117.96796796796797,0.009321136399997485
-117.8978978978979,0.009359663423967516
-117.82782782782783,0.009398433840474577
-117.75775775775776,0.009437449716499575
-117.68768768768768,0.009476713140954855
-117.61761761761763,0.009516226224961552
-117.54754754754755,0.009555991102130904
-117.47747747747749,0.009596009928849692
-117.4074074074074,0.0096362848845699
-117.33733733733733,0.009676818172102515
-117.26726726726727,0.009717612017915787
-117.1971971971972,0.009758668672437753
-117.12712712712714,0.00979999041036328
-117.05705705705705,0.009841579530965618
-116.98698698698699,0.00988343835841257
-116.91691691691692,0.009925569242087358
-116.84684684684686,0.009967974556914238
-116.77677677677679,0.01001065670368894
-116.70670670670671,0.010053618109414075
-116.63663663663664,0.010096861227639496
-116.56656656656656,0.010140388538807799
-116.4964964964965,0.010184202550604956
-116.42642642642643,0.010228305798316257
-116.35635635635636,0.01027270084518753
-116.28628628628628,0.010317390282791872
-116.21621621621622,0.010362376731401895
-116.14614614614615,0.01040766284036758
-116.07607607607609,0.010453251288499854
-116.006006006006,0.010499144784460032
-115.93593593593594,0.010545346067155075
-115.86586586586587,0.010591857906138992
-115.7957957957958,0.01063868310202032
-115.72572572572574,0.010685824486875746
-115.65565565565565,0.01073328492467021
-115.58558558558559,0.010781067311683287
-115.51551551551552,0.01082917457694233
-115.44544544544546,0.01087760968266204
-115.37537537537537,0.01092637562469103
-115.30530530530531,0.0109754754329651
-115.23523523523524,0.011024912171967709
-115.16516516516516,0.011074688941197489
-115.0950950950951,0.01112480887564297
-115.02502502502503,0.011175275146264832
-114.95495495495496,0.011226090960485572
-114.88488488488488,0.01127725956268683
-114.81481481481482,0.01132878423471458
-114.74474474474475,0.011380668296392145
-114.67467467467468,0.011432915106041316
-114.6046046046046,0.01148552806101165
-114.53453453453454,0.011538510598218157
-114.46446446446447,0.011591866194687446
-114.3943943943944,0.011645598368112504
-114.32432432432432,0.0116997106774163
-114.25425425425425,0.011754206723324301
-114.18418418418419,0.011809090148946171
-114.11411411411412,0.011864364640366653
-114.04404404404406,0.011920033927245948
-113.97397397397397,0.011976101783429694
-113.90390390390391,0.012032572027568656
-113.83383383383384,0.012089448523748516
-113.76376376376378,0.012146735182129633
-113.6936936936937,0.012204435959597224
-113.62362362362362,0.012262554860421989
-113.55355355355356,0.012321095936931425
-113.48348348348348,0.012380063290192079
-113.41341341341342,0.012439461070702814
-113.34334334334335,0.012499293479099394
-113.27327327327328,0.012559564766870536
-113.2032032032032,0.012620279237085601
-113.13313313313314,0.012681441245134342
-113.06306306306307,0.012743055199478603
-112.99299299299301,0.012805125562416461
-112.92292292292292,0.012867656850858928
-112.85285285285285,0.012930653637119377
-112.78278278278279,0.012994120549716128
-112.71271271271272,0.013058062274188228
-112.64264264264266,0.013122483553924744
-112.57257257257257,0.01318738919100786
-112.50250250250251,0.013252784047069966
-112.43243243243244,0.013318673044165072
-112.36236236236238,0.013385061165654726
-112.2922922922923,0.013451953457108779
-112.22222222222221,0.013519355027221205
-112.15215215215215,0.013587271048741327
-112.08208208208208,0.013655706759420726
-112.01201201201202,0.013724667462976042
-111.94194194194193,0.013794158530068082
-111.87187187187187,0.013864185399297404
-111.8018018018018,0.013934753578216936
-111.73173173173174,0.014005868644361551
-111.66166166166167,0.014077536246295376
-111.59159159159161,0.014149762104676755
-111.52152152152152,0.014222552013341537
-111.45145145145145,0.014295911840404716
-111.38138138138139,0.014369847529381178
-111.31131131131131,0.014444365100325457
-111.24124124124124,0.014519470650991184
-111.17117117117117,0.014595170358010499
-111.10110110110111,0.01467147047809384
-111.03103103103103,0.014748377349250398
-110.96096096096097,0.014825897392029804
-110.8908908908909,0.014904037110785237
-110.82082082082083,0.014982803094958646
-110.75075075075075,0.015062202020388148
-110.68068068068068,0.015142240650638425
-110.61061061061062,0.015222925838354308
-110.54054054054053,0.015304264526638021
-110.47047047047047,0.015386263750450487
-110.4004004004004,0.015468930638037576
-110.33033033033034,0.015552272412381113
-110.26026026026027,0.015636296392675688
-110.1901901901902,0.015721009995831425
-110.12012012012012,0.015806420738003417
-110.05005005005006,0.015892536236148343
-109.97997997997999,0.01597936420960856
-109.90990990990991,0.016066912481724527
-109.83983983983984,0.016155188981475957
-109.76976976976977,0.01624420174515212
-109.6996996996997,0.016333958918052317
-109.62962962962963,0.016424468756216545
-109.55955955955957,0.016515739628187375
-109.48948948948949,0.016607780016803526
-109.41941941941943,0.016700598521025647
-109.34934934934935,0.016794203857795176
-109.2792792792793,0.016888604863926775
-109.20920920920922,0.01698381049803496
-109.13913913913913,0.01707982984249579
-109.06906906906907,0.017176672105444133
-108.998998998999,0.017274346622807368
-108.92892892892894,0.017372862860376172
-108.85885885885887,0.01747223041591301
-108.78878878878879,0.017572459021299495
-108.71871871871872,0.017673558544722703
-108.64864864864866,0.017775538992902164
-108.57857857857859,0.017878410513357354
-108.5085085085085,0.017982183396717272
-108.43843843843844,0.01808686807907242
-108.36836836836837,0.018192475144370574
-108.2982982982983,0.01829901532685667
-108.22822822822823,0.01840649951355811
-108.15815815815817,0.018514938746816128
-108.08808808808809,0.018624344226864525
-108.01801801801803,0.01873472731445613
-107.94794794794795,0.018846099533538746
-107.87787787787789,0.01895847257398086
-107.8078078078078,0.019071858294348574
-107.73773773773773,0.01918626872473453
-107.66766766766767,0.01930171606964031
-107.5975975975976,0.019418212710912857
-107.52752752752754,0.019535771210736415
-107.45745745745747,0.019654404314681014
-107.38738738738739,0.019774124954808597
-107.31731731731732,0.019894946252838063
-107.24724724724726,0.02001688152337052
-107.17717717717719,0.020139944277175675
-107.10710710710711,0.020264148224541003
-107.03703703703704,0.02038950727868465
-106.96696696696696,0.020516035559233804
-106.8968968968969,0.020643747395769393
-106.82682682682683,0.020772657331438852
-106.75675675675676,0.020902780126638255
-106.68668668668668,0.02103413076276514
-106.61661661661662,0.021166724446043842
-106.54654654654655,0.021300576611424347
-106.47647647647649,0.021435702926556607
-106.4064064064064,0.02157211929584172
-106.33633633633634,0.02170984186456144
-106.26626626626627,0.021848887023088223
-106.1961961961962,0.021989271411176535
-106.12612612612614,0.022131011922338087
-106.05605605605605,0.022274125708302173
-105.98598598598599,0.02241863018356295
-105.91591591591592,0.02256454303001584
-105.84584584584586,0.022711882201684463
-105.77577577577578,0.022860665929540287
-105.70570570570571,0.023010912726416855
-105.63563563563564,0.023162641392020452
-105.56556556556558,0.023315871018039745
-105.4954954954955,0.02347062099335565
-105.42542542542543,0.023626911009354316
-105.35535535535536,0.023784761065344925
-105.28528528528528,0.023944191474084654
-105.21521521521522,0.024105222867413217
-105.14514514514515,0.02426787620199905
-105.07507507507508,0.024432172765199597
-105.005005005005,0.024598134181037994
-104.93493493493494,0.02476578241629912
-104.86486486486487,0.024935139786746635
-104.7947947947948,0.02510622896346442
-104.72472472472474,0.02527907297932456
-104.65465465465465,0.025453695235584693
-104.58458458458459,0.025630119508617395
-104.51451451451452,0.02580836995677462
-104.44444444444446,0.025988471127389657
-104.37437437437437,0.026170447963919933
-104.30430430430431,0.026354325813233166
-104.23423423423424,0.026540130433040533
-104.16416416416418,0.026727887999479314
-104.0940940940941,0.026917625114848544
-104.02402402402403,0.027109368815500863
-103.95395395395396,0.027303146579893765
-103.88388388388388,0.027498986336803595
-103.81381381381382,0.02769691647370612
-103.74374374374375,0.02789696584532642
-103.67367367367368,0.028099163782362515
-103.6036036036036,0.028303540100385632
-103.53353353353354,0.028510125108921633
-103.46346346346347,0.028718949620716618
-103.39339339339341,0.028930044961191153
-103.32332332332334,0.02914344297808672
-103.25325325325325,0.029359176051308836
-103.18318318318319,0.029577277102970236
-103.11311311311312,0.029797779607639605
-103.04304304304304,0.030020717602798543
-102.97297297297297,0.030246125699512207
-102.90290290290291,0.030474039093318226
-102.83283283283284,0.030704493575337336
-102.76276276276278,0.0309375255436116
-102.6926926926927,0.031173172014674094
-102.62262262262264,0.03141147063535534
-102.55255255255256,0.03165245969483118
-102.48248248248248,0.031896178136916926
-102.41241241241242,0.032142665572613555
-102.34234234234233,0.03239196229291022
-102.27227227227228,0.03264410928184883
-102.2022022022022,0.032899148229856436
-102.13213213213214,0.03315712154735004
-102.06206206206207,0.03341807237862014
-101.99199199199201,0.033682044615998344
-101.92192192192192,0.033949082914314886
-101.85185185185185,0.03421923270565171
-101.78178178178179,0.03449254021439792
-101.71171171171171,0.0347690524726123
-101.64164164164164,0.03504881733570035
-101.57157157157157,0.035331883498411196
-101.50150150150151,0.03561830051116168
-101.43143143143143,0.035908118796693075
-101.36136136136138,0.036201389667067756
-101.2912912912913,0.03649816534101219
-101.22122122122123,0.03679849896161322
-101.15115115115115,0.037102444614374105
-101.08108108108108,0.03741005734563812
-101.01101101101102,0.03772139318138578
-100.94094094094093,0.03803650914641374
-100.87087087087087,0.038355463283901756
-100.8008008008008,0.03867831467537646
-100.73073073073074,0.03900512346107772
-100.66066066066067,0.03933595086073643
-100.59059059059061,0.03967085919477072
-100.52052052052052,0.04000991190590887
-100.45045045045046,0.04035317358124549
-100.38038038038039,0.040700709974741185
-100.31031031031031,0.04105258803017092
-100.24024024024024,0.041408875904531205
-100.17017017017017,0.04176964299191305
-100.10010010010011,0.04213495994784981
-100.03003003003003,0.042504898714147026
-99.95995995995997,0.0428795325442036
-99.8898898898899,0.04325893602883199
-99.81981981981983,0.04364318512258617
-99.74974974974975,0.044032357170605115
-99.6796796796797,0.04442653093598161
-99.6096096096096,0.0448257866276634
-99.53953953953953,0.04523020592889534
-99.46946946946947,0.0456398720262125
-99.3993993993994,0.04605486963899054
-99.32932932932934,0.046475285049563275
-99.25925925925927,0.04690120613391541
-99.18918918918921,0.04733272239295849
-99.11911911911912,0.04776992498439914
-99.04904904904906,0.0482129067552064
-98.97897897897899,0.04866176227468856
-98.9089089089089,0.049116587868184944
-98.83883883883884,0.04957748165138224
-98.76876876876877,0.05004454356526303
-98.6986986986987,0.05051787541169333
-98.62862862862863,0.050997580889657064
-98.55855855855857,0.05148376563214497
-98.48848848848849,0.05197653724370446
-98.41841841841843,0.052476005338656935
-98.34834834834835,0.05298228157999044
-98.2782782782783,0.053495479718931885
-98.2082082082082,0.054015715635206206
-98.13813813813813,0.054543107377986566
-98.06806806806807,0.05507777520754275
-97.997997997998,0.05561984163758975
-97.92792792792794,0.05616943147834272
-97.85785785785787,0.05672667188028117
-97.78778778778779,0.05729169237862557
-97.71771771771772,0.057864624938528446
-97.64764764764766,0.05844560400098335
-97.57757757757759,0.059034766529450874
-97.50750750750751,0.059632252057203544
-97.43743743743744,0.060238202735388366
-97.36736736736736,0.06085276338180735
-97.2972972972973,0.06147608153041166
-97.22722722722723,0.062108307481508425
-97.15715715715717,0.06274959435267487
-97.08708708708708,0.06340009813037516
-97.01701701701703,0.06405997772227295
-96.94694694694695,0.06472939501023389
-96.87687687687689,0.06540851490400613
-96.8068068068068,0.06609750539557185
-96.73673673673675,0.06679653761415469
-96.66666666666667,0.06750578588187368
-96.5965965965966,0.06822542777002476
-96.52652652652654,0.0689556441559751
-96.45645645645646,0.06969661928065217
-96.38638638638639,0.07044854080660533
-96.31631631631632,0.07121159987661767
-96.24624624624626,0.07198599117284517
-96.17617617617617,0.07277191297645302
-96.10610610610611,0.07356956722772096
-96.03603603603604,0.07437915958658681
-95.96596596596598,0.07520089949359048
-95.8958958958959,0.07603500023118338
-95.82582582582583,0.0768816789853608
-95.75575575575577,0.07774115690757483
-95.68568568568568,0.07861365917688037
-95.61561561561562,0.0794994150622622
-95.54554554554555,0.08039865798509309
-95.47547547547548,0.08131162558166055
-95.4054054054054,0.08223855976570252
-95.33533533533534,0.08317970679088826
-95.26526526526527,0.08413531731317019
-95.1951951951952,0.08510564645293509
-95.12512512512514,0.08609095385687476
-95.05505505505505,0.08709150375949173
-94.98498498498499,0.08810756504414981
-94.91491491491492,0.08913941130357862
-94.84484484484486,0.09018732089972731
-94.77477477477477,0.09125157702286585
-94.70470470470471,0.09233246774981922
-94.63463463463464,0.09343028610122087
-94.56456456456458,0.09454533009765644
-94.4944944944945,0.09567790281457138
-94.42442442442443,0.09682831243580291
-94.35435435435436,0.09799687230559277
-94.28428428428428,0.09918390097892775
-94.21421421421422,0.10038972227005252
-94.14414414414415,0.10161466529898311
-94.07407407407408,0.10285906453584978
-94.004004004004,0.10412325984288459
-93.93393393393394,0.10540759651386541
-93.86386386386387,0.10671242531081229
-93.79379379379381,0.10803810249773128
-93.72372372372374,0.10938498987118711
-93.65365365365365,0.11075345478747843
-93.58358358358359,0.1121438701861785
-93.51351351351352,0.11355661460980017
-93.44344344344346,0.11499207221932559
-93.37337337337337,0.11645063280533928
-93.30330330330331,0.11793269179448874
-93.23323323323324,0.11943865025099186
-93.16316316316318,0.12096891487289291
-93.0930930930931,0.12252389798276578
-93.02302302302304,0.12410401751255123
-92.95295295295296,0.12570969698220344
-92.88288288288288,0.12734136547181207
-92.81281281281282,0.12899945758686052
-92.74274274274273,0.1306844134162629
-92.67267267267268,0.13239667848281986
-92.6026026026026,0.13413670368572692
-92.53253253253254,0.1359049452347479
-92.46246246246247,0.1377018645756725
-92.39239239239241,0.139527928306659
-92.32232232232234,0.14138360808506037
-92.25225225225226,0.14326938052432373
-92.18218218218219,0.1451857270805459
-92.11211211211211,0.14713313392826793
-92.04204204204204,0.14911209182507779
-91.97197197197197,0.15112309596459186
-91.90190190190191,0.15316664581739
-91.83183183183183,0.15524324495946
-91.76176176176178,0.15735340088772443
-91.6916916916917,0.15949762482221447
-91.62162162162163,0.16167643149445962
-91.55155155155155,0.16389033892166358
-91.48148148148148,0.1661398681662523
-91.41141141141142,0.16842554308036986
-91.34134134134133,0.17074789003492427
-91.27127127127127,0.1731074376327844
-91.2012012012012,0.1755047164057537
-91.13113113113114,0.17794025849494657
-91.06106106106107,0.18041459731422801
-90.99099099099101,0.18292826719638494
-90.92092092092092,0.18548180302172892
-90.85085085085086,0.18807573982884704
-90.78078078078079,0.1907106124072626
-90.71071071071071,0.19338695487177443
-90.64064064064064,0.19610530021830375
-90.57057057057057,0.1988661798610962
-90.50050050050051,0.20167012315118543
-90.43043043043043,0.204517656876049
-90.36036036036037,0.20740930474045322
-90.2902902902903,0.21034558682852836
-90.22022022022023,0.21332701904716836
-90.15015015015015,0.2163541125509087
-90.0800800800801,0.2194273731485099
-90.01001001001002,0.22254730069151532
-89.93993993993993,0.22571438844514835
-89.86986986986987,0.2289291224419646
-89.7997997997998,0.2321919808187719
-89.72972972972974,0.23550343313738453
-89.65965965965967,0.23886393968988368
-89.58958958958961,0.2422739507891279
-89.51951951951952,0.2457339060453484
-89.44944944944946,0.2492442336297489
-89.37937937937939,0.2528053495261374
-89.30930930930931,0.2564176567716827
-89.23923923923924,0.26008154468800726
-89.16916916916917,0.26379738810391773
-89.0990990990991,0.2675655465711556
-89.02902902902903,0.27138636357466295
-88.95895895895897,0.2752601657389427
-88.8888888888889,0.27918726203218613
-88.81881881881883,0.2831679429699335
-88.74874874874875,0.28720247982011055
-88.6786786786787,0.2912911238113908
-88.6086086086086,0.2954341053468756
-88.53853853853853,0.29963163322518843
-88.46846846846847,0.3038838938711393
-88.3983983983984,0.3081910505781583
-88.32832832832834,0.31255324276477164
-88.25825825825827,0.31697058524741983
-88.18818818818819,0.32144316753195884
-88.11811811811812,0.32597105312619507
-88.04804804804806,0.33055427887583694
-87.97797797797799,0.3351928543262067
-87.90790790790791,0.33988676111207383
-87.83783783783784,0.3446359523779112
-87.76776776776777,0.34944035223085534
-87.6976976976977,0.3542998552285496
-87.62762762762763,0.359214325904006
-87.55755755755757,0.3641835983294951
-87.48748748748748,0.36920747572137025
-87.41741741741743,0.37428573008758
-87.34734734734735,0.37941810191949416
-87.27727727727729,0.38460429992945294
-87.2072072072072,0.3898440008352927
-87.13713713713715,0.39513684919285574
-87.06706706706707,0.40048245727728987
-86.996996996997,0.40588040501364786
-86.92692692692694,0.41133023995706436
-86.85685685685687,0.4168314773224758
-86.7867867867868,0.4223836000635475
-86.71671671671672,0.42798605900014974
-86.64664664664666,0.43363827299337926
-86.57657657657657,0.43933962916679326
-86.50650650650651,0.44508948317211766
-86.43643643643644,0.4508871594973716
-86.36636636636638,0.4567319518149153
-86.2962962962963,0.4626231233665775
-86.22622622622623,0.46855990738260894
-86.15615615615617,0.4745415075308167
-86.08608608608608,0.4805670983918425
-86.01601601601602,0.48663582595614996
-85.94594594594595,0.4927468081379229
-85.87587587587588,0.4988991353006661
-85.8058058058058,0.5050918707889579
-85.73573573573574,0.5113240514604689
-85.66566566566567,0.5175946882119772
-85.59559559559561,0.5239027664928493
-85.52552552552554,0.530247246799137
-85.45545545545546,0.5366270651411761
-85.38538538538539,0.5430411334773475
-85.31531531531532,0.5494883401064332
-85.24524524524526,0.5559675500108618
-85.17517517517517,0.5624776051429493
-85.10510510510511,0.5690173246461835
-85.03503503503504,0.575585505003534
-84.96496496496498,0.5821809201047207
-84.8948948948949,0.5888023212244407
-84.82482482482483,0.5954484369035971
-84.75475475475477,0.6021179727257078
-84.68468468468468,0.6088096109808333
-84.61461461461462,0.6155220102095716
-84.54454454454454,0.6222538046199785
-84.47447447447448,0.6290036033705163
-84.4044044044044,0.6357699897126103
-84.33433433433434,0.642551519986722
-84.26426426426427,0.6493467224664085
-84.19419419419421,0.6561540960453354
-84.12412412412414,0.6629721087628265
-84.05405405405406,0.669799196164181
-83.98398398398399,0.6766337594926999
-83.91391391391392,0.6834741637111356
-83.84384384384384,0.6903187353511263
-83.77377377377377,0.6971657601900139
-83.70370370370371,0.7040134807554722
-83.63363363363364,0.7108600936593077
-83.56356356356358,0.7177037467629176
-83.4934934934935,0.724542536178009
-83.42342342342344,0.731374503107377
-83.35335335335337,0.7381976305318151
-83.28328328328328,0.7450098397505489
-83.21321321321322,0.7518089867839679
-83.14314314314313,0.7585928586489272
-83.07307307307308,0.7653591695183369
-83.003003003003,0.7721055567784363
-82.93293293293294,0.7788295769987058
-82.86286286286287,0.785528701831153
-82.79279279279281,0.7922003138574278
-82.72272272272274,0.7988417024040789
-82.65265265265266,0.8054500593481212
-82.58258258258259,0.8120224749370099
-82.51251251251252,0.8185559336491085
-82.44244244244244,0.8250473101226886
-82.37237237237237,0.8314933651835561
-82.30230230230231,0.8378907420034449
-82.23223223223223,0.8442359624233011
-82.16216216216218,0.8505254234776556
-82.0920920920921,0.8567553941582394
-82.02202202202204,0.8629220124569402
-81.95195195195195,0.8690212827300566
-81.88188188188188,0.8750490734275678
-81.81181181181182,0.8810011152327852
-81.74174174174173,0.8868729996592065
-81.67167167167167,0.8926601781527008
-81.6016016016016,0.8983579617482373
-81.53153153153154,0.9039615213311213
-81.46146146146147,0.9094658885532704
-81.39139139139141,0.9148659574551651
-81.32132132132134,0.920156486843923
-81.25125125125126,0.925332103477258
-81.18118118118119,0.9303873061019524
-81.1111111111111,0.9353164703938339
-81.04104104104104,0.9401138548439679
-80.97097097097097,0.9447736076330129
-80.90090090090091,0.949289774532122
-80.83083083083083,0.9536563078646656
-80.76076076076077,0.9578670765581189
-80.6906906906907,0.9619158773098562
-80.62062062062064,0.9657964468841876
-80.55055055055055,0.9695024755508346
-80.4804804804805,0.9730276216671012
-80.4104104104104,0.9763655273973714
-80.34034034034033,0.9795098355541056
-80.27027027027027,0.9824542075345132
-80.2002002002002,0.9851923423163061
-80.13013013013014,0.9877179964647358
-80.06006006006007,0.9900250050913634
-79.98998998999001,0.9921073036929645
-79.91991991991993,0.9939589507866151
-79.84984984984986,0.9955741512446379
-79.77977977977979,0.9969472802206915
-79.70970970970971,0.9980729075461895
-79.63963963963964,0.9989458224644842
-79.56956956956957,0.9995610585591485
-79.4994994994995,0.9999139187223522
-79.42942942942943,1.0
-79.35935935935937,0.9998152181421762
-79.2892892892893,0.9993558316807184
-79.21921921921923,0.9986184653505912
-79.14914914914915,0.9976001326683891
-79.0790790790791,0.9962982574798284
-79.009009009009,0.9947106942887255
-78.93893893893893,0.9928357471827612
-78.86886886886887,0.9906721871763516
-78.7987987987988,0.9882192677983248
-78.72872872872874,0.9854767387617179
-78.65865865865867,0.9824448575649488
-78.5885885885886,0.9791243988876933
-78.51851851851852,0.9755166616610077
-78.44844844844846,0.9716234737093049
-78.37837837837839,0.9674471938815821
-78.30830830830831,0.9629907116106116
-78.23823823823824,0.9582574438612371
-78.16816816816817,0.9532513294522913
-78.0980980980981,0.9479768207606317
-78.02802802802803,0.9424388728399139
-77.95795795795797,0.9366429300108187
-77.8878878878879,0.9305949100030002
-77.81781781781783,0.9243011857517865
-77.74774774774775,0.9177685649742694
-77.67767767767768,0.9110042676694895
-77.6076076076076,0.9040159017058415
-77.53753753753755,0.8968114366750493
-77.46746746746747,0.889399176206219
-77.3973973973974,0.8817877289450636
-77.32732732732734,0.8739859784125089
-77.25725725725727,0.8660030519633518
-77.1871871871872,0.8578482890693897
-77.11711711711712,0.8495312091525865
-77.04704704704706,0.8410614791923279
-76.97697697697697,0.8324488813268092
-76.90690690690691,0.8237032806622862
-76.83683683683684,0.8148345934952926
-76.76676676676678,0.8058527561424851
-76.6966966966967,0.7967676945604112
-76.62662662662663,0.7875892949237709
-76.55655655655657,0.7783273753156774
-76.4864864864865,0.768991658667446
-76.41641641641642,0.7595917470687159
-76.34634634634635,0.7501370975515989
-76.27627627627628,0.7406369994351539
-76.2062062062062,0.7311005532993208
-76.13613613613614,0.7215366516403184
-76.06606606606607,0.7119539612431381
-75.99599599599601,0.7023609072908171
-75.92592592592594,0.6927656592152056
-75.85585585585586,0.6831761182798605
-75.78578578578579,0.6735999068726743
-75.71571571571572,0.6640443594740125
-75.64564564564566,0.6545165152553883
-75.57557557557557,0.6450231122543664
-75.50550550550551,0.6355705830630987
-75.43543543543544,0.6261650519609616
-75.36536536536538,0.6168123334160612
-75.2952952952953,0.6075179318757331
-75.22522522522524,0.5982870427627632
-75.15515515515517,0.589124554591636
-75.08508508508508,0.5800350521177287
-75.01501501501502,0.5710228204318701
-74.94494494494495,0.5620918499129948
-74.87487487487488,0.5532458419527424
-74.8048048048048,0.5444882153675539
-74.73473473473474,0.5358221134161029
-74.66466466466467,0.5272504113427643
-74.59459459459461,0.5187757243709548
-74.52452452452454,0.5104004160737665
-74.45445445445446,0.5021266070530999
-74.38438438438439,0.4939561838624982
-74.31431431431432,0.4858908081130393
-74.24424424424424,0.47793192570580073
-74.17417417417417,0.4700807761387343
-74.10410410410411,0.4623384018399076
-74.03403403403404,0.4547056574833389
-73.96396396396398,0.4471832192476508
-73.8938938938939,0.4397715939817783
-73.82382382382384,0.4324711282457684
-73.75375375375377,0.42528201719837627
-73.68368368368368,0.41820431330664976
-73.61361361361362,0.41123793485600385
-73.54354354354354,0.4043826742423657
-73.47347347347348,0.39763820603094074
-73.4034034034034,0.3910040947687808
-73.33333333333334,0.3844798025409252
-73.26326326326327,0.378064696262139
-73.19319319319321,0.3717580546984233
-73.12312312312314,0.36555907521439246
-73.05305305305308,0.3594668802443672
-72.98298298298299,0.35348052348660197
-72.91291291291292,0.34759899582148923
-72.84284284284284,0.34182123095580397
-72.77277277277277,0.3361461107962117
-72.70270270270271,0.3305724705561598
-72.63263263263264,0.3250991036011753
-72.56256256256258,0.31972476603826017
-72.4924924924925,0.3144481810557087
-72.42242242242244,0.30926804302016137
-72.35235235235236,0.30418302133812575
-72.2822822822823,0.2991917640895254
-72.21221221221222,0.2942929014410609
-72.14214214214213,0.28948504884738774
-72.07207207207207,0.2847668100481947
-72.002002002002,0.2801367798693318
-71.93193193193194,0.27559354683617504
-71.86186186186187,0.2711356956073465
-71.79179179179181,0.26676180923685894
-71.72172172172174,0.26247047127264345
-71.65165165165166,0.2582602676992848
-71.58158158158159,0.25412978873263836
-71.51151151151151,0.25007763047380616
-71.44144144144144,0.2461023964297853
-71.37137137137137,0.24220269890786744
-71.30130130130131,0.23837716029065162
-71.23123123123123,0.23462441419832444
-71.16116116116117,0.23094310654460357
-71.0910910910911,0.22733189649251664
-71.02102102102104,0.22378945731594382
-70.95095095095095,0.22031447717261066
-70.8808808808809,0.21690565979398344
-70.8108108108108,0.21356172509726473
-70.74074074074073,0.2102814097244824
-70.67067067067067,0.2070634675133947
-70.6006006006006,0.20390666990474599
-70.53053053053054,0.20080980629015793
-70.46046046046047,0.19777168430474057
-70.39039039039041,0.19479113006829335
-70.32032032032033,0.19186698837876418
-70.25025025025026,0.1889981228614383
-70.18018018018019,0.18618341607714345
-70.11011011011011,0.18342176959256312
-70.04004004004004,0.1807121040155978
-69.96996996996997,0.1780533589985173
-69.8998998998999,0.1754444932115136
-69.82982982982983,0.17288448428909167
-69.75975975975977,0.170372328751595
-69.6896896896897,0.16790704190402456
-69.61961961961964,0.16548765771417248
-69.54954954954955,0.16311322867196665
-69.4794794794795,0.16078282563180438
-69.4094094094094,0.15849553763952776
-69.33933933933935,0.1562504717456053
-69.26926926926927,0.15404675280595498
-69.1991991991992,0.15188352327177168
-69.12912912912914,0.14975994296961134
-69.05905905905907,0.14767518887290695
-68.98898898898901,0.14562845486600554
-68.91891891891892,0.14361895150173812
-68.84884884884886,0.14164590575346503
-68.77877877877879,0.1397085607624604
-68.70870870870871,0.13780617558144942
-68.63863863863864,0.1359380249150393
-68.56856856856857,0.1341033988577291
-68.4984984984985,0.1323016026301376
-68.42842842842843,0.13053195631402978
-68.35835835835837,0.12879379458667717
-68.2882882882883,0.12708646645504657
-68.21821821821823,0.12540933499026571
-68.14814814814815,0.12376177706277956
-68.0780780780781,0.1221431830785689
-68.008008008008,0.1205529567167779
-67.93793793793795,0.11899051466905898
-67.86786786786787,0.1174552863809114
-67.7977977977978,0.11594671379527412
-67.72772772772774,0.11446425109859483
-67.65765765765767,0.11300736446958116
-67.5875875875876,0.11157553183081566
-67.51751751751752,0.11016824260339488
-67.44744744744746,0.10878499746473676
-67.37737737737737,0.10742530810967604
-67.30730730730731,0.10608869701496271
-67.23723723723724,0.10477469720724841
-67.16716716716718,0.10348285203464648
-67.0970970970971,0.10221271494192714
-67.02702702702703,0.10096384924940366
-66.95695695695697,0.09973582793555137
-66.8868868868869,0.09852823342339366
-66.81681681681683,0.09734065737067664
-66.74674674674675,0.09617270046385011
-66.67667667667668,0.0950239722158579
-66.6066066066066,0.09389409076774298
-66.53653653653654,0.09278268269405471
-66.46646646646647,0.09168938281205177
-66.39639639639641,0.09061383399467848
-66.32632632632634,0.0895556869872938
-66.25625625625626,0.08851460022812553
-66.18618618618619,0.08749023967241819
-66.11611611611612,0.08648227862024109
-66.04604604604606,0.08549039754791554
-65.97597597597597,0.08451428394302456
-65.90590590590591,0.08355363214295967
-65.83583583583584,0.08260814317695737
-65.76576576576578,0.08167752461158152
-65.6956956956957,0.08076149039959986
-65.62562562562564,0.07985976073220462
-65.55555555555556,0.07897206189452532
-65.48548548548548,0.07809812612438102
-65.41541541541542,0.07723769147421768
-65.34534534534535,0.07639050167617638
-65.27527527527528,0.07555630601023755
-65.20520520520522,0.07473485917538585
-65.13513513513514,0.07392592116373864
-65.06506506506507,0.07312925713758517
-64.99499499499501,0.07234463730927684
-64.92492492492494,0.07157183682391607
-64.85485485485486,0.07081063564478689
-64.78478478478479,0.07006081844147057
-64.71471471471472,0.06932217448059465
-64.64464464464466,0.0685944975191566
-64.57457457457458,0.0678775857003715
-64.50450450450451,0.06717124145198844
-64.43443443443444,0.06647527138702197
-64.36436436436438,0.06578948620684794
-64.2942942942943,0.06511370060661006
-64.22422422422423,0.06444773318288756
-64.15415415415417,0.06379140634357187
-64.08408408408408,0.06314454621990424
-64.01401401401402,0.06250698258062438
-63.94394394394395,0.061878548748181696
-63.87387387387388,0.06125908151696282
-63.80380380380382,0.060648421073487384
-63.733733733733736,0.06004641091852754
-63.66366366366367,0.05945289779110565
-63.593593593593596,0.05886773159432567
-63.52352352352353,0.05829076532299576
-63.45345345345346,0.057721854992998714
-63.38338338338339,0.05716085957236933
-63.31331331331332,0.056607640914037555
-63.24324324324325,0.056062063690196964
-63.17317317317318,0.055523995328260606
-63.103103103103116,0.05499330594836417
-63.03303303303304,0.05446986830238053
-62.96296296296297,0.053953557714408296
-62.892892892892895,0.053444252022697654
-62.82282282282283,0.052941831522979925
-62.752752752752755,0.05244617891316482
-62.68268268268269,0.05195717923937347
-62.61261261261262,0.051474719843272454
-62.54254254254255,0.05099869031067867
-62.47247247247248,0.05052898242140234
-62.40240240240241,0.0500654901002979
-62.33233233233234,0.049608109369493385
-62.26226226226227,0.04915673830176795
-62.192192192192195,0.04871127697505031
-62.12212212212213,0.048271627428009424
-62.052052052052055,0.04783769361671016
-61.98198198198199,0.04740938137230829
-61.91191191191192,0.046986598359757825
-61.84184184184185,0.04656925403750609
-61.77177177177178,0.04615725961815226
-61.70170170170171,0.04575052803004381
-61.63163163163164,0.04534897387978959
-61.561561561561575,0.04495251341566461
-61.491491491491495,0.04456106449188561
-61.42142142142143,0.04417454653373526
-61.351351351351354,0.04379288050351326
-61.28128128128129,0.04341598886729471
-61.21121121121122,0.0430437955624745
-61.14114114114115,0.04267622596607877
-61.07107107107108,0.042313206863824386
-61.00100100100101,0.041954666419906785
-60.93093093093094,0.04160053414749941
-60.86086086086087,0.04125074087994553
-60.790790790790794,0.04090521874262647
-60.72072072072073,0.040563901125488376
-60.650650650650654,0.04022672265621177
-60.58058058058059,0.039893619174007466
-60.510510510510514,0.039564527704023356
-60.44044044044045,0.03923938643234729
-60.37037037037038,0.038918134681590354
-60.30030030030031,0.03860071288703696
-60.23023023023024,0.0382870625733474
-60.16016016016017,0.037977126331798824
-60.0900900900901,0.03767084779805196
-60.02002002002003,0.03736817163042986
-59.94994994994995,0.03706904348869655
-59.87987987987989,0.036773410013322995
-59.80980980980981,0.036481218805228234
-59.73973973973975,0.03619241840598436
-59.66966966966968,0.035906958278473386
-59.59959959959961,0.03562478878798532
-59.52952952952954,0.03534586118374655
-59.45945945945947,0.035070127580867486
-59.3893893893894,0.03479754094270005
-59.31931931931932,0.034528055063594014
-59.24924924924925,0.03426162455204337
-59.17917917917919,0.03399820481421219
-59.10910910910911,0.033737752037831824
-59.03903903903905,0.03348022317645944
-58.96896896896897,0.03322557593408951
-58.898898898898906,0.032973768750109995
-58.82882882882884,0.03272476078459402
-58.758758758758766,0.03247851190391979
-58.6886886886887,0.03223498266671038
-58.618618618618626,0.031994134310085326
-58.54854854854855,0.03175592873621757
-58.478478478478486,0.03152032849918693
-58.40840840840841,0.03128729679212437
-58.338338338338346,0.03105679743463917
-58.26826826826827,0.030828794860522334
-58.198198198198206,0.030603254105720314
-58.12812812812814,0.030380140796571357
-58.058058058058066,0.030159421138299457
-57.987987987988,0.02994106190375903
-57.917917917917926,0.02972503042242435
-57.84784784784786,0.029511294569618474
-57.777777777777786,0.0292998227559752
-57.70770770770771,0.029090583917129292
-57.637637637637646,0.02888354750362918
-57.56756756756757,0.028678683471066568
-57.497497497497505,0.02847596227041887
-57.42742742742743,0.02827535483859808
-57.357357357357365,0.02807683258920261
-57.2872872872873,0.02788036740346614
-57.217217217217225,0.027685931621399783
-57.14714714714716,0.027493498033122538
-57.07707707707708,0.02730303987037569
-57.00700700700701,0.027114530798217143
-56.936936936936945,0.026927944906891203
-56.86686686686687,0.02674325670386981
-56.796796796796805,0.026560441106061525
-56.72672672672673,0.026379473432183855
-56.656656656656665,0.02620032939529577
-56.5865865865866,0.02602298509548612
-56.516516516516525,0.025847417012714913
-56.44644644644646,0.02567360199980352
-56.376376376376385,0.025501517275570578
-56.30630630630631,0.02533114041811047
-56.236236236236245,0.025162449358210517
-56.16616616616617,0.024995422372904395
-56.096096096096105,0.024830038079158408
-56.02602602602603,0.02466627542768736
-55.955955955955964,0.02450411369689756
-55.88588588588589,0.024343532486953645
-55.815815815815824,0.024184511713966794
-55.74574574574576,0.024027031604301283
-55.675675675675684,0.023871072688996946
-55.60560560560561,0.02371661579830488
-55.53553553553554,0.023563642056333704
-55.46546546546547,0.023412132875804178
-55.395395395395404,0.02326206995290954
-55.32532532532533,0.023113435262279266
-55.255255255255264,0.022966211052044102
-55.18518518518519,0.022820379838999726
-55.115115115115124,0.02267592440386745
-55.04504504504506,0.022532827786649168
-54.974974974974984,0.022391073282075014
-54.90490490490492,0.022250644435141385
-54.83483483483484,0.022111525036737356
-54.76476476476477,0.02197369911935774
-54.694694694694704,0.021837150952900647
-54.62462462462463,0.02170186504054787
-54.554554554554564,0.021567826114726307
-54.48448448448449,0.02143501913314839
-54.41441441441442,0.02130342927493027
-54.34434434434436,0.021173041936785493
-54.27427427427429,0.0210438427292932
-54.20420420420421,0.02091581747323849
-54.134134134134136,0.02078895219602421
-54.06406406406407,0.020663233128151794
-53.993993993994,0.020538646699770367
-53.92392392392394,0.020415179537292293
-53.853853853853856,0.02029281846007375
-53.78378378378379,0.020171550477159236
-53.71371371371372,0.02005136278408804
-53.64364364364366,0.01993224275976215
-53.57357357357359,0.0198141779633736
-53.50350350350351,0.019697156131390482
-53.43343343343344,0.019581165174600085
-53.36336336336337,0.019466193175208042
-53.2932932932933,0.01935222838399236
-53.22322322322322,0.019239259217511174
-53.153153153153156,0.019127274255363036
-53.08308308308309,0.019016262237498614
-53.01301301301302,0.0189062120615829
-52.942942942942956,0.01879711278040664
-52.872872872872875,0.01868895359934614
-52.80280280280281,0.018581723873870477
-52.73273273273274,0.01847541310709479
-52.662662662662676,0.01837001094737918
-52.5925925925926,0.01826550718597194
-52.52252252252252,0.018161891754696322
-52.452452452452455,0.018059154723679978
-52.38238238238239,0.017957286299126064
-52.31231231231232,0.017856276821125255
-52.242242242242256,0.017756116761507932
-52.172172172172175,0.017656796721735424
-52.10210210210211,0.017558307430830002
-52.03203203203204,0.01746063974334207
-51.961961961961975,0.01736378463735469
-51.8918918918919,0.017267733212524106
-51.82182182182182,0.01717247668815554
-51.751751751751755,0.017078006401314044
-51.68168168168169,0.016984313804968933
-51.61161161161162,0.016891390466171906
-51.541541541541555,0.016799228064267646
-51.471471471471475,0.01670781838913645
-51.40140140140141,0.016617153339468355
-51.33133133133134,0.016527224921067712
-51.261261261261275,0.016438025245188243
-51.19119119119121,0.01634954652689738
-51.12112112112112,0.016261781083469665
-51.051051051051054,0.01617472133280857
-50.98098098098099,0.016088359791895938
-50.91091091091092,0.016002689075268948
-50.840840840840855,0.015917701893523626
-50.770770770770774,0.015833391051844635
-50.70070070070071,0.01574974944856084
-50.63063063063064,0.015666770073725887
-50.560560560560575,0.015584446007723613
-50.49049049049051,0.015502770419897732
-50.42042042042042,0.015421736567205078
-50.350350350350354,0.015341337792892401
-50.28028028028029,0.01526156752519576
-50.21021021021022,0.015182419276062436
-50.140140140140154,0.015103886639894861
-50.070070070070074,0.015025963292315992
-50.00000000000001,0.014948642988955919
